"[(0, 3.4316945e-05), (1, 1.4456428e-05), (2, 0.99990296), (3, 4.933293e-06), (4, 4.3275002e-05)]","[(0, 2.7000553e-05), (1, 1.13743035e-05), (2, 0.99992365), (3, 3.88151e-06), (4, 3.4049906e-05)]","[(0, 0.9999213), (1, 1.1948951e-05), (2, 2.687984e-05), (3, 4.07761e-06), (4, 3.5767276e-05)]","[(0, 2.6587959e-05), (1, 0.04341486), (2, 2.5196723e-05), (3, 3.8222483e-06), (4, 0.95652956)]","[(0, 2.0387946e-05), (1, 8.588656e-06), (2, 1.9320796e-05), (3, 0.999926), (4, 2.5710273e-05)]","[(0, 2.9077151e-05), (1, 1.2248893e-05), (2, 2.7554679e-05), (3, 4.179966e-06), (4, 0.9999269)]","[(0, 0.997889), (1, 1.259089e-05), (2, 0.0020563952), (3, 4.2966735e-06), (4, 3.7692458e-05)]","[(0, 1.5826943e-05), (1, 6.6671932e-06), (2, 0.9228026), (3, 2.2751967e-06), (4, 0.07717265)]","[(0, 2.2806342e-05), (1, 9.607659e-06), (2, 0.9999355), (3, 3.2786384e-06), (4, 2.8754754e-05)]","[(0, 0.99991953), (1, 1.2218313e-05), (2, 2.748577e-05), (3, 4.1695307e-06), (4, 3.657476e-05)]","[(0, 0.008827361), (1, 2.8696477e-05), (2, 6.455451e-05), (3, 9.792746e-06), (4, 0.99106956)]","[(0, 0.00040136283), (1, 0.00016907677), (2, 0.9988657), (3, 5.769788e-05), (4, 0.00050613657)]","[(0, 2.9413304e-05), (1, 1.2390759e-05), (2, 2.7874255e-05), (3, 4.228378e-06), (4, 0.9999261)]","[(0, 0.98622787), (1, 0.013660924), (2, 4.4816356e-05), (3, 6.798463e-06), (4, 5.9635444e-05)]","[(0, 1.9748257e-05), (1, 8.319165e-06), (2, 1.8714603e-05), (3, 2.8389363e-06), (4, 0.99995035)]","[(0, 2.0552518e-05), (1, 8.658141e-06), (2, 0.9999419), (3, 2.954613e-06), (4, 2.5912785e-05)]","[(0, 0.016825818), (1, 0.68088424), (2, 5.4791646e-05), (3, 8.3117175e-06), (4, 0.3022268)]","[(0, 2.2665767e-05), (1, 0.999924), (2, 2.147957e-05), (3, 3.2583985e-06), (4, 2.857882e-05)]","[(0, 4.9024115e-05), (1, 2.0652084e-05), (2, 4.645848e-05), (3, 7.0475767e-06), (4, 0.9998768)]","[(0, 0.1522654), (1, 3.8773753e-05), (2, 8.722325e-05), (3, 1.3231642e-05), (4, 0.84759533)]"
"[(0, 1.0223838e-05), (1, 1.3730682e-06), (2, 1.1215215e-05), (3, 0.99996394), (4, 1.32654495e-05)]","[(0, 0.38906583), (1, 1.3388009e-05), (2, 0.00010935324), (3, 9.811187e-05), (4, 0.6107133)]","[(0, 2.2177946e-05), (1, 2.978513e-06), (2, 2.4328492e-05), (3, 2.1827562e-05), (4, 0.9999287)]","[(0, 5.798952e-05), (1, 7.788025e-06), (2, 6.361251e-05), (3, 5.707332e-05), (4, 0.99981356)]","[(0, 0.9999214), (1, 3.0047813e-06), (2, 2.4543006e-05), (3, 2.2020056e-05), (4, 2.9029095e-05)]","[(0, 1.2786745e-05), (1, 1.7172684e-06), (2, 0.9999563), (3, 1.2584734e-05), (4, 1.6590768e-05)]","[(0, 4.1102736e-05), (1, 5.5201244e-06), (2, 4.5088316e-05), (3, 4.0453368e-05), (4, 0.99986786)]","[(0, 1.8453984e-05), (1, 0.9999192), (2, 2.0243404e-05), (3, 1.8162431e-05), (4, 2.3943896e-05)]","[(0, 8.037187e-05), (1, 1.0793988e-05), (2, 0.9680598), (3, 0.031744804), (4, 0.00010428287)]","[(0, 4.903436e-05), (1, 6.5853465e-06), (2, 0.0013442731), (3, 4.8259677e-05), (4, 0.99855185)]","[(0, 0.9999141), (1, 3.2838084e-06), (2, 2.6822094e-05), (3, 2.4064864e-05), (4, 3.1724765e-05)]","[(0, 0.9679759), (1, 4.797089e-06), (2, 3.9182603e-05), (3, 3.5154713e-05), (4, 0.031944904)]","[(0, 0.9997188), (1, 1.0749571e-05), (2, 8.7802335e-05), (3, 7.8776495e-05), (4, 0.000103851096)]","[(0, 1.57487e-05), (1, 2.1150604e-06), (2, 0.997806), (3, 1.5499887e-05), (4, 0.0021606549)]","[(0, 2.0123056e-05), (1, 2.7025378e-06), (2, 2.207431e-05), (3, 0.999929), (4, 2.610933e-05)]","[(0, 0.018517375), (1, 2.8039283e-06), (2, 0.9814322), (3, 2.054814e-05), (4, 2.708865e-05)]","[(0, 0.00016654062), (1, 2.2366505e-05), (2, 0.20179218), (3, 0.108660124), (4, 0.68935883)]","[(0, 0.0005477564), (1, 7.356401e-05), (2, 0.00060087064), (3, 0.7648988), (4, 0.23387906)]","[(0, 0.0001445668), (1, 1.9415416e-05), (2, 0.9995062), (3, 0.00014228273), (4, 0.0001875707)]","[(0, 1.1374748e-05), (1, 1.5276361e-06), (2, 1.2477727e-05), (3, 0.9999599), (4, 1.4758611e-05)]"
"[(0, 5.3926165e-06), (1, 0.9999796), (2, 2.6011373e-06), (3, 9.136669e-06), (4, 3.2119526e-06)]","[(0, 0.04545589), (1, 0.5508431), (2, 6.3273237e-06), (3, 0.40368682), (4, 7.813145e-06)]","[(0, 0.9625946), (1, 0.02710578), (2, 0.010172908), (3, 9.3734976e-05), (4, 3.295156e-05)]","[(0, 1.7986526e-05), (1, 1.5401723e-05), (2, 8.67583e-06), (3, 0.9999472), (4, 1.0713142e-05)]","[(0, 1.8980227e-05), (1, 0.9999284), (2, 9.155144e-06), (3, 3.2158354e-05), (4, 1.1305011e-05)]","[(0, 0.25469744), (1, 5.3715314e-05), (2, 3.0257974e-05), (3, 0.0012367807), (4, 0.7439818)]","[(0, 1.4357644e-05), (1, 1.229434e-05), (2, 0.99994045), (3, 2.432603e-05), (4, 8.551707e-06)]","[(0, 0.9759044), (1, 1.8445e-05), (2, 1.0390116e-05), (3, 0.024053907), (4, 1.2829987e-05)]","[(0, 0.011231362), (1, 0.76893014), (2, 1.3278285e-05), (3, 0.21980883), (4, 1.6396374e-05)]","[(0, 3.215098e-05), (1, 2.7530636e-05), (2, 1.5508076e-05), (3, 0.99990565), (4, 1.914978e-05)]","[(0, 0.10457983), (1, 0.4673645), (2, 0.15672271), (3, 0.27130833), (4, 2.4651272e-05)]","[(0, 1.0049748e-05), (1, 8.6055215e-06), (2, 4.8475126e-06), (3, 1.7027352e-05), (4, 0.9999595)]","[(0, 1.8108347e-05), (1, 1.5506037e-05), (2, 8.734591e-06), (3, 0.99994683), (4, 1.0785701e-05)]","[(0, 0.99993813), (1, 1.4594595e-05), (2, 8.221173e-06), (3, 2.8878165e-05), (4, 1.0151719e-05)]","[(0, 1.19501165e-05), (1, 1.0232792e-05), (2, 5.7641582e-06), (3, 0.98506665), (4, 0.014905381)]","[(0, 7.2599355e-06), (1, 6.2166264e-06), (2, 3.5018415e-06), (3, 0.9999787), (4, 4.3241657e-06)]","[(0, 0.013377136), (1, 1.1953489e-05), (2, 6.7334304e-06), (3, 0.98659587), (4, 8.314617e-06)]","[(0, 0.19216713), (1, 2.1481601e-05), (2, 1.2100641e-05), (3, 0.05772761), (4, 0.7500717)]","[(0, 0.999831), (1, 3.9865845e-05), (2, 2.2456532e-05), (3, 7.888098e-05), (4, 2.7729915e-05)]","[(0, 0.3957692), (1, 0.084878124), (2, 1.991823e-05), (3, 0.51930815), (4, 2.4595554e-05)]"
"[(0, 2.9064266e-05), (1, 3.2198936e-05), (2, 2.8776198e-05), (3, 0.99990237), (4, 7.5980647e-06)]","[(0, 3.8443544e-05), (1, 4.2589792e-05), (2, 0.999874), (3, 3.4966706e-05), (4, 1.0050023e-05)]","[(0, 0.9999379), (1, 2.1058055e-05), (2, 1.881959e-05), (3, 1.7288903e-05), (4, 4.969123e-06)]","[(0, 0.07650736), (1, 3.9966966e-05), (2, 3.571849e-05), (3, 0.92340755), (4, 9.431107e-06)]","[(0, 1.2912191e-05), (1, 1.430481e-05), (2, 1.2784213e-05), (3, 1.17444115e-05), (4, 0.99994826)]","[(0, 3.599341e-05), (1, 3.9875405e-05), (2, 0.999882), (3, 3.273816e-05), (4, 9.409501e-06)]","[(0, 2.1593733e-05), (1, 0.99993175), (2, 2.1379708e-05), (3, 1.9640795e-05), (4, 5.6450963e-06)]","[(0, 0.9998845), (1, 3.9148927e-05), (2, 3.4987406e-05), (3, 3.214171e-05), (4, 9.2380715e-06)]","[(0, 0.097523086), (1, 2.4094232e-05), (2, 2.153302e-05), (3, 0.90242565), (4, 5.6855765e-06)]","[(0, 8.1341905e-06), (1, 9.011487e-06), (2, 8.053569e-06), (3, 0.99997264), (4, 2.1264639e-06)]","[(0, 3.233236e-05), (1, 0.9998978), (2, 3.20119e-05), (3, 2.9408218e-05), (4, 8.452419e-06)]","[(0, 0.99791694), (1, 4.0148738e-05), (2, 0.0020004653), (3, 3.2962573e-05), (4, 9.474001e-06)]","[(0, 2.4546556e-05), (1, 2.7193977e-05), (2, 0.99991953), (3, 2.2326563e-05), (4, 6.417032e-06)]","[(0, 0.99993813), (1, 2.0962263e-05), (2, 1.8733981e-05), (3, 1.7210255e-05), (4, 4.9465184e-06)]","[(0, 5.2475945e-05), (1, 0.5906221), (2, 0.40926394), (3, 4.7730016e-05), (4, 1.3718413e-05)]","[(0, 3.7462705e-05), (1, 0.99988157), (2, 3.7091395e-05), (3, 3.4074576e-05), (4, 9.793609e-06)]","[(0, 1.2345981e-05), (1, 0.5521137), (2, 1.2223615e-05), (3, 0.44785848), (4, 3.2275223e-06)]","[(0, 1.8056844e-05), (1, 0.99994296), (2, 1.7877876e-05), (3, 1.642378e-05), (4, 4.7204726e-06)]","[(0, 1.4404231e-05), (1, 1.595777e-05), (2, 1.42614645e-05), (3, 1.3101511e-05), (4, 0.9999423)]","[(0, 5.0353443e-05), (1, 5.578421e-05), (2, 0.99983495), (3, 4.5799476e-05), (4, 1.3163543e-05)]"
"[(0, 9.620451e-05), (1, 0.00013051712), (2, 0.99958014), (3, 9.048088e-05), (4, 0.00010265694)]","[(0, 7.919208e-05), (1, 0.9996669), (2, 9.423094e-05), (3, 7.4496056e-05), (4, 8.5126776e-05)]","[(0, 0.00057929405), (1, 0.99747485), (2, 0.00076033967), (3, 0.0005448664), (4, 0.0006406787)]","[(0, 9.402273e-05), (1, 0.00012377164), (2, 0.9995915), (3, 8.844045e-05), (4, 0.00010222656)]","[(0, 0.00016385752), (1, 0.00021957044), (2, 0.9992846), (3, 0.00015411573), (4, 0.0001778274)]","[(0, 0.00044918343), (1, 0.9980503), (2, 0.0005920592), (3, 0.0004223977), (4, 0.00048607358)]","[(0, 0.00033230367), (1, 0.9540316), (2, 0.044955), (3, 0.00031245375), (4, 0.0003686807)]","[(0, 0.000332889), (1, 0.0005133048), (2, 0.998479), (3, 0.0003130205), (4, 0.00036175016)]","[(0, 0.00022788745), (1, 0.99872416), (2, 0.00057584), (3, 0.00021427634), (4, 0.00025786765)]","[(0, 0.00036850202), (1, 0.99842465), (2, 0.00046174103), (3, 0.00034657767), (4, 0.0003985586)]","[(0, 0.00015106495), (1, 0.9993418), (2, 0.00020081247), (3, 0.00014207422), (4, 0.00016427823)]","[(0, 0.00016818233), (1, 0.0002325658), (2, 0.00021802458), (3, 0.00015817641), (4, 0.9992231)]","[(0, 0.00027758727), (1, 0.00037717551), (2, 0.99876297), (3, 0.00026104355), (4, 0.00032124165)]","[(0, 0.00020517239), (1, 0.99915767), (2, 0.00023449236), (3, 0.00019295709), (4, 0.00020966923)]","[(0, 0.00042081164), (1, 0.9981347), (2, 0.0005681522), (3, 0.00039572944), (4, 0.0004806577)]","[(0, 5.1488187e-05), (1, 7.178569e-05), (2, 0.999773), (3, 4.8424932e-05), (4, 5.532081e-05)]","[(0, 0.00015143634), (1, 0.00020898838), (2, 0.9993339), (3, 0.0001424154), (4, 0.0001632952)]","[(0, 0.00010545807), (1, 0.99953705), (2, 0.00014420183), (3, 9.919365e-05), (4, 0.00011413965)]","[(0, 0.00017325736), (1, 0.99881876), (2, 0.00065408315), (3, 0.00016291541), (4, 0.00019098309)]","[(0, 0.00018153805), (1, 0.00024268791), (2, 0.00024642536), (3, 0.00017076041), (4, 0.9991586)]"
"[(0, 1.099786e-05), (1, 0.4807251), (2, 3.4995242e-06), (3, 0.51921064), (4, 4.977759e-05)]","[(0, 3.834947e-06), (1, 1.7992616e-05), (2, 1.220282e-06), (3, 2.8198885e-05), (4, 0.99994874)]","[(0, 3.6142835e-06), (1, 1.6965721e-05), (2, 1.1500667e-06), (3, 0.97757334), (4, 0.022404935)]","[(0, 1.8084236e-05), (1, 8.4914165e-05), (2, 5.7544125e-06), (3, 0.009675443), (4, 0.99021584)]","[(0, 8.704257e-06), (1, 0.99988425), (2, 2.7696988e-06), (3, 6.487896e-05), (4, 3.940929e-05)]","[(0, 8.70722e-06), (1, 0.9998845), (2, 2.7706417e-06), (3, 6.4636995e-05), (4, 3.9429924e-05)]","[(0, 2.2383885e-05), (1, 0.000105106395), (2, 7.1225627e-06), (3, 0.818515), (4, 0.18135042)]","[(0, 7.9883475e-06), (1, 0.9998937), (2, 2.541896e-06), (3, 5.9549144e-05), (4, 3.617277e-05)]","[(0, 2.2120927e-05), (1, 0.000103820756), (2, 7.0388896e-06), (3, 0.9997669), (4, 0.000100137244)]","[(0, 1.0901711e-05), (1, 0.3678463), (2, 3.4689297e-06), (3, 0.03663812), (4, 0.5955012)]","[(0, 0.99988186), (1, 3.261396e-05), (2, 2.2108886e-06), (3, 5.1826504e-05), (4, 3.1453896e-05)]","[(0, 6.77134e-06), (1, 3.1772397e-05), (2, 2.1546437e-06), (3, 5.021915e-05), (4, 0.9999091)]","[(0, 6.1556743e-06), (1, 2.8883398e-05), (2, 1.9587385e-06), (3, 0.9999352), (4, 2.785984e-05)]","[(0, 1.7499126e-05), (1, 8.2173014e-05), (2, 5.5682303e-06), (3, 0.60618013), (4, 0.3937146)]","[(0, 7.376007e-06), (1, 0.99990207), (2, 2.3470488e-06), (3, 5.484395e-05), (4, 3.339453e-05)]","[(0, 6.8400336e-06), (1, 3.2104166e-05), (2, 2.176502e-06), (3, 0.99992794), (4, 3.0955915e-05)]","[(0, 9.531153e-06), (1, 0.99987316), (2, 3.0328176e-06), (3, 7.105481e-05), (4, 4.315065e-05)]","[(0, 1.4206882e-05), (1, 6.667935e-05), (2, 4.5206366e-06), (3, 0.9998503), (4, 6.4314394e-05)]","[(0, 3.6620315e-06), (1, 1.7196422e-05), (2, 1.1652602e-06), (3, 0.9999614), (4, 1.6576549e-05)]","[(0, 2.6665397e-05), (1, 0.00012517994), (2, 8.484942e-06), (3, 0.3922077), (4, 0.607632)]"
"[(0, 7.2609015e-05), (1, 0.9998814), (2, 2.7833264e-06), (3, 3.6687517e-05), (4, 6.564594e-06)]","[(0, 0.06334159), (1, 1.472632e-05), (2, 1.3402896e-06), (3, 0.9366392), (4, 3.1611303e-06)]","[(0, 0.99997634), (1, 9.4372135e-06), (2, 8.5891384e-07), (3, 1.1322017e-05), (4, 2.0257849e-06)]","[(0, 0.99995315), (1, 1.8692052e-05), (2, 1.7012317e-06), (3, 2.2424952e-05), (4, 4.0124273e-06)]","[(0, 0.98906296), (1, 0.00011933709), (2, 1.0861219e-05), (3, 0.010781235), (4, 2.5616648e-05)]","[(0, 2.5432115e-05), (1, 1.0696031e-05), (2, 9.73486e-07), (3, 0.9999606), (4, 2.296008e-06)]","[(0, 0.00010141666), (1, 0.99983454), (2, 3.8722633e-06), (3, 5.1041166e-05), (4, 9.132898e-06)]","[(0, 0.99979955), (1, 8.0023114e-05), (2, 7.283155e-06), (3, 9.6003125e-05), (4, 1.717763e-05)]","[(0, 0.9997984), (1, 8.045633e-05), (2, 7.3225865e-06), (3, 9.65278e-05), (4, 1.7270633e-05)]","[(0, 4.365626e-05), (1, 1.829858e-05), (2, 1.6654168e-06), (3, 0.99993247), (4, 3.9279566e-06)]","[(0, 6.503228e-05), (1, 2.7173783e-05), (2, 2.4731771e-06), (3, 3.260074e-05), (4, 0.99987274)]","[(0, 0.00020207778), (1, 0.99967057), (2, 7.700676e-06), (3, 0.000101508536), (4, 1.8162373e-05)]","[(0, 4.9690156e-05), (1, 0.999919), (2, 1.8949064e-06), (3, 2.4978042e-05), (4, 4.4692174e-06)]","[(0, 0.99998444), (1, 6.198305e-06), (2, 5.6412676e-07), (3, 7.436033e-06), (4, 1.330517e-06)]","[(0, 0.0003020136), (1, 0.99950784), (2, 1.1497187e-05), (3, 0.00015155325), (4, 2.7116606e-05)]","[(0, 0.9999701), (1, 1.1931475e-05), (2, 1.085929e-06), (3, 1.4314334e-05), (4, 2.5612096e-06)]","[(0, 0.99991804), (1, 3.2708198e-05), (2, 2.9768848e-06), (3, 3.9240786e-05), (4, 7.02111e-06)]","[(0, 0.66721183), (1, 8.007998e-05), (2, 7.2883627e-06), (3, 0.33268362), (4, 1.7189914e-05)]","[(0, 2.698281e-05), (1, 1.1298838e-05), (2, 0.9999457), (3, 1.3555255e-05), (4, 2.425394e-06)]","[(0, 0.013891088), (1, 3.5003442e-05), (2, 3.1857794e-06), (3, 0.9860632), (4, 7.5137964e-06)]"
"[(0, 2.0640422e-05), (1, 0.9998421), (2, 3.6409598e-05), (3, 8.8840985e-05), (4, 1.2007879e-05)]","[(0, 1.60834e-05), (1, 0.9998769), (2, 2.8371036e-05), (3, 6.922649e-05), (4, 9.356763e-06)]","[(0, 6.633498e-06), (1, 0.9999493), (2, 1.1701456e-05), (3, 2.8552213e-05), (4, 3.8591384e-06)]","[(0, 4.6147066e-05), (1, 0.99964696), (2, 8.140319e-05), (3, 0.00019862822), (4, 2.684676e-05)]","[(0, 8.8780425e-06), (1, 0.9778531), (2, 1.566082e-05), (3, 0.02211713), (4, 5.1649363e-06)]","[(0, 3.488673e-06), (1, 2.6827804e-05), (2, 6.154001e-06), (3, 0.9999615), (4, 2.0295886e-06)]","[(0, 4.0788286e-06), (1, 0.005206108), (2, 7.195033e-06), (3, 0.9947802), (4, 2.3729208e-06)]","[(0, 5.455e-06), (1, 0.54975855), (2, 9.622592e-06), (3, 0.45022315), (4, 3.1735294e-06)]","[(0, 4.526024e-06), (1, 3.479757e-05), (2, 7.983883e-06), (3, 0.99995005), (4, 2.6330833e-06)]","[(0, 3.5453445e-06), (1, 2.7260003e-05), (2, 6.2539693e-06), (3, 0.9999609), (4, 2.0625582e-06)]","[(0, 6.4158603e-06), (1, 0.99995095), (2, 1.1317545e-05), (3, 2.7615433e-05), (4, 3.7325244e-06)]","[(0, 3.840924e-06), (1, 2.9531526e-05), (2, 6.77537e-06), (3, 0.9999576), (4, 2.234516e-06)]","[(0, 7.2225534e-06), (1, 0.44868317), (2, 0.21032202), (3, 0.34098336), (4, 4.2018305e-06)]","[(0, 6.063919e-06), (1, 0.9999536), (2, 1.0696722e-05), (3, 2.6100566e-05), (4, 3.5277772e-06)]","[(0, 7.68531e-06), (1, 0.99994123), (2, 1.3556848e-05), (3, 3.3079425e-05), (4, 4.4710464e-06)]","[(0, 8.171871e-06), (1, 0.31702617), (2, 0.68292576), (3, 3.5173733e-05), (4, 4.7541103e-06)]","[(0, 6.736603e-06), (1, 0.9996563), (2, 1.1883333e-05), (3, 0.0003212057), (4, 3.9191214e-06)]","[(0, 8.562704e-06), (1, 0.99993455), (2, 1.5104566e-05), (3, 3.6856007e-05), (4, 4.9814835e-06)]","[(0, 8.163087e-06), (1, 0.9999376), (2, 1.4399643e-05), (3, 3.5135723e-05), (4, 4.749e-06)]","[(0, 3.6094314e-06), (1, 2.7752958e-05), (2, 6.3670186e-06), (3, 0.9999602), (4, 2.0998416e-06)]"
"[(0, 0.99986404), (1, 4.953372e-05), (2, 4.5899856e-06), (3, 4.8052767e-05), (4, 3.37795e-05)]","[(0, 1.3142097e-05), (1, 0.9989841), (2, 3.490309e-06), (3, 3.654066e-05), (4, 0.0009627874)]","[(0, 1.8953147e-05), (1, 0.7996106), (2, 0.0055114413), (3, 0.19482195), (4, 3.7044385e-05)]","[(0, 3.0194458e-05), (1, 8.654861e-05), (2, 8.019116e-06), (3, 8.3955594e-05), (4, 0.99979126)]","[(0, 5.928206e-05), (1, 0.49946067), (2, 1.574427e-05), (3, 0.50034845), (4, 0.00011586879)]","[(0, 3.515711e-06), (1, 1.007561e-05), (2, 0.9999698), (3, 9.774686e-06), (4, 6.871537e-06)]","[(0, 0.37816435), (1, 5.1571144e-05), (2, 4.778573e-06), (3, 5.0033545e-05), (4, 0.62172925)]","[(0, 1.9852403e-05), (1, 0.9998809), (2, 5.272448e-06), (3, 5.5201785e-05), (4, 3.8802038e-05)]","[(0, 8.16669e-06), (1, 2.340815e-05), (2, 2.1689289e-06), (3, 2.270627e-05), (4, 0.99994355)]","[(0, 1.0747793e-05), (1, 0.9999355), (2, 2.854424e-06), (3, 2.98825e-05), (4, 2.1006841e-05)]","[(0, 1.8529767e-05), (1, 5.311456e-05), (2, 4.921179e-06), (3, 0.99988717), (4, 3.6216974e-05)]","[(0, 3.0341376e-05), (1, 0.1611623), (2, 8.058135e-06), (3, 0.83874), (4, 5.930315e-05)]","[(0, 0.99991214), (1, 3.2009833e-05), (2, 2.9661494e-06), (3, 3.1053918e-05), (4, 2.1829062e-05)]","[(0, 1.0544579e-05), (1, 0.99993676), (2, 2.800454e-06), (3, 2.9317298e-05), (4, 2.060965e-05)]","[(0, 4.765338e-05), (1, 0.98387396), (2, 1.2655897e-05), (3, 0.0001324893), (4, 0.015933247)]","[(0, 4.110853e-05), (1, 0.00011783023), (2, 1.0917701e-05), (3, 0.00011429736), (4, 0.9997158)]","[(0, 4.8413217e-06), (1, 1.3874436e-05), (2, 1.2857696e-06), (3, 0.99997056), (4, 9.462466e-06)]","[(0, 5.1105612e-06), (1, 1.4647855e-05), (2, 1.357275e-06), (3, 0.9999689), (4, 9.988732e-06)]","[(0, 6.344315e-06), (1, 1.8182767e-05), (2, 1.6849381e-06), (3, 0.9999614), (4, 1.2400116e-05)]","[(0, 1.7103886e-05), (1, 0.030650767), (2, 4.542491e-06), (3, 0.96929413), (4, 3.343006e-05)]"
"[(0, 0.00022010993), (1, 0.00018031904), (2, 0.9991846), (3, 0.0002069453), (4, 0.00020794316)]","[(0, 0.010885286), (1, 0.00016063068), (2, 0.14135471), (3, 0.0009041191), (4, 0.8466953)]","[(0, 0.00013322319), (1, 0.00011799556), (2, 0.00015620101), (3, 0.9994555), (4, 0.00013711216)]","[(0, 0.0005367774), (1, 0.00047604367), (2, 0.9968694), (3, 0.0005489533), (4, 0.0015687961)]","[(0, 0.99990916), (1, 1.9577139e-05), (2, 2.5821844e-05), (3, 2.360479e-05), (4, 2.1843394e-05)]","[(0, 0.99947804), (1, 0.0001184744), (2, 0.00014093339), (3, 0.00013174709), (4, 0.00013078235)]","[(0, 0.00019242194), (1, 0.00016443523), (2, 0.9992438), (3, 0.000193188), (4, 0.00020619588)]","[(0, 0.9996213), (1, 8.142074e-05), (2, 0.000107331165), (3, 9.791927e-05), (4, 9.2020215e-05)]","[(0, 0.00026479224), (1, 0.00021460594), (2, 0.023843102), (3, 0.000262845), (4, 0.97541463)]","[(0, 0.0006901156), (1, 0.00063576084), (2, 0.000779938), (3, 0.99707997), (4, 0.00081416615)]","[(0, 3.9331695e-05), (1, 3.1719836e-05), (2, 4.1783424e-05), (3, 0.9998519), (4, 3.527902e-05)]","[(0, 7.798148e-05), (1, 6.535243e-05), (2, 0.9997085), (3, 7.620921e-05), (4, 7.20148e-05)]","[(0, 9.1845875e-05), (1, 8.7377295e-05), (2, 9.90696e-05), (3, 9.285153e-05), (4, 0.99962884)]","[(0, 0.0021816327), (1, 6.3623105e-05), (2, 0.99760383), (3, 8.057143e-05), (4, 7.03105e-05)]","[(0, 0.9991276), (1, 0.00015988301), (2, 0.00034688896), (3, 0.00018121379), (4, 0.00018441933)]","[(0, 6.666029e-05), (1, 5.9476373e-05), (2, 0.99973917), (3, 6.808527e-05), (4, 6.660241e-05)]","[(0, 0.03118647), (1, 0.000110970956), (2, 0.96844494), (3, 0.00013517757), (4, 0.00012245806)]","[(0, 0.00019717793), (1, 0.00017700616), (2, 0.9992327), (3, 0.00019958016), (4, 0.00019349212)]","[(0, 0.00019968844), (1, 0.9991348), (2, 0.00023035768), (3, 0.00020452036), (4, 0.00023059756)]","[(0, 8.391114e-05), (1, 7.199761e-05), (2, 0.99967676), (3, 8.518027e-05), (4, 8.213481e-05)]"
"[(0, 1.4009405e-05), (1, 0.9999363), (2, 7.149539e-06), (3, 2.5182955e-05), (4, 1.7380653e-05)]","[(0, 3.7350055e-05), (1, 1.9195571e-05), (2, 1.9061172e-05), (3, 0.99987805), (4, 4.633804e-05)]","[(0, 1.0921411e-05), (1, 0.9999503), (2, 5.5736164e-06), (3, 1.9632052e-05), (4, 1.35495575e-05)]","[(0, 0.99994963), (1, 6.37621e-06), (2, 6.3315665e-06), (3, 2.2301787e-05), (4, 1.5392148e-05)]","[(0, 1.1295367e-05), (1, 5.8051055e-06), (2, 5.764461e-06), (3, 2.0304298e-05), (4, 0.99995685)]","[(0, 4.794746e-05), (1, 2.4641968e-05), (2, 2.4469437e-05), (3, 0.0026370995), (4, 0.9972658)]","[(0, 0.99995846), (1, 5.2627875e-06), (2, 5.2259397e-06), (3, 1.8407427e-05), (4, 1.27043495e-05)]","[(0, 1.67794e-05), (1, 8.623552e-06), (2, 8.563175e-06), (3, 0.96005654), (4, 0.03990956)]","[(0, 2.077668e-05), (1, 1.06779025e-05), (2, 0.9999054), (3, 3.7347625e-05), (4, 2.5776417e-05)]","[(0, 3.2872314e-05), (1, 1.6894293e-05), (2, 1.6776008e-05), (3, 0.99989265), (4, 4.0782765e-05)]","[(0, 1.0736624e-05), (1, 5.517947e-06), (2, 5.479313e-06), (3, 0.99996495), (4, 1.3320304e-05)]","[(0, 1.2833955e-05), (1, 6.5958425e-06), (2, 6.5496615e-06), (3, 2.3070028e-05), (4, 0.99995095)]","[(0, 1.882659e-05), (1, 9.6756785e-06), (2, 9.607934e-06), (3, 0.99993855), (4, 2.3357054e-05)]","[(0, 3.0151645e-05), (1, 1.5496042e-05), (2, 1.5387546e-05), (3, 0.99990153), (4, 3.740739e-05)]","[(0, 1.2582228e-05), (1, 6.4664705e-06), (2, 6.4211954e-06), (3, 2.2617545e-05), (4, 0.9999519)]","[(0, 0.9999149), (1, 1.0764066e-05), (2, 1.0688702e-05), (3, 3.7649053e-05), (4, 2.5984418e-05)]","[(0, 2.4427545e-05), (1, 0.99988884), (2, 1.24663175e-05), (3, 4.391032e-05), (4, 3.0305831e-05)]","[(0, 9.848844e-05), (1, 5.061684e-05), (2, 5.0262446e-05), (3, 0.99967843), (4, 0.00012218887)]","[(0, 2.1868533e-05), (1, 1.1239045e-05), (2, 0.9999004), (3, 3.9310322e-05), (4, 2.7131015e-05)]","[(0, 0.9999449), (1, 6.9729e-06), (2, 6.9240787e-06), (3, 2.43888e-05), (4, 1.6832555e-05)]"
"[(0, 7.4116874e-06), (1, 2.1263654e-06), (2, 7.365987e-06), (3, 4.037778e-06), (4, 0.9999791)]","[(0, 1.0293752e-05), (1, 2.9532114e-06), (2, 0.9957051), (3, 5.6078848e-06), (4, 0.0042760274)]","[(0, 3.3777877e-05), (1, 9.690656e-06), (2, 3.3569606e-05), (3, 1.8401692e-05), (4, 0.9999045)]","[(0, 3.099702e-05), (1, 0.99988496), (2, 3.0805895e-05), (3, 1.6886721e-05), (4, 3.6338326e-05)]","[(0, 0.3421219), (1, 0.5588707), (2, 0.09894327), (3, 2.0360136e-05), (4, 4.381275e-05)]","[(0, 0.9999411), (1, 5.6297904e-06), (2, 1.9502275e-05), (3, 1.069047e-05), (4, 2.3004684e-05)]","[(0, 9.966763e-06), (1, 2.8594002e-06), (2, 9.905309e-06), (3, 0.99996555), (4, 1.1684208e-05)]","[(0, 0.9999692), (1, 2.9491634e-06), (2, 1.0216259e-05), (3, 5.600198e-06), (4, 1.2051001e-05)]","[(0, 2.7810907e-05), (1, 7.978771e-06), (2, 2.7639428e-05), (3, 1.5150974e-05), (4, 0.9999214)]","[(0, 0.9999665), (1, 3.2044825e-06), (2, 1.1100715e-05), (3, 6.085026e-06), (4, 1.3094291e-05)]","[(0, 2.10987e-05), (1, 6.053081e-06), (2, 0.99993664), (3, 1.1494261e-05), (4, 2.473435e-05)]","[(0, 1.7424525e-05), (1, 4.998984e-06), (2, 0.99872065), (3, 9.4926245e-06), (4, 0.0012474144)]","[(0, 1.365407e-05), (1, 3.917265e-06), (2, 0.99995893), (3, 7.4385366e-06), (4, 1.6006887e-05)]","[(0, 8.710157e-06), (1, 2.498888e-06), (2, 8.656451e-06), (3, 4.7451654e-06), (4, 0.99997544)]","[(0, 0.002444159), (1, 4.8440365e-06), (2, 0.0070246756), (3, 0.614591), (4, 0.37593532)]","[(0, 0.75592643), (1, 1.847219e-05), (2, 6.398991e-05), (3, 0.2371633), (4, 0.006827839)]","[(0, 6.7725855e-06), (1, 1.943011e-06), (2, 0.1669254), (3, 0.011311556), (4, 0.8217543)]","[(0, 2.0886528e-05), (1, 5.9922104e-06), (2, 2.0757741e-05), (3, 0.9999279), (4, 2.4485607e-05)]","[(0, 1.1135646e-05), (1, 0.9999587), (2, 1.1066984e-05), (3, 6.0665366e-06), (4, 1.3054508e-05)]","[(0, 0.9999176), (1, 7.878914e-06), (2, 2.7293514e-05), (3, 1.4961355e-05), (4, 3.219517e-05)]"
"[(0, 6.716984e-06), (1, 0.9999555), (2, 1.3889861e-05), (3, 1.0367118e-05), (4, 1.3534591e-05)]","[(0, 2.689044e-05), (1, 0.05273052), (2, 0.9471469), (3, 4.150321e-05), (4, 5.4183707e-05)]","[(0, 2.1101609e-05), (1, 6.1647e-05), (2, 4.363542e-05), (3, 0.9998311), (4, 4.2519325e-05)]","[(0, 6.3828547e-06), (1, 1.8647092e-05), (2, 1.3198925e-05), (3, 0.9999489), (4, 1.2861327e-05)]","[(0, 7.11108e-06), (1, 2.0774552e-05), (2, 0.9999468), (3, 1.0975374e-05), (4, 1.4328686e-05)]","[(0, 0.9999725), (1, 9.39095e-06), (2, 6.6471725e-06), (3, 4.961318e-06), (4, 6.477153e-06)]","[(0, 5.5688693e-06), (1, 1.6269089e-05), (2, 1.1515707e-05), (3, 8.595097e-06), (4, 0.9999581)]","[(0, 6.59376e-05), (1, 0.49218735), (2, 0.00013635051), (3, 0.4798415), (4, 0.02776882)]","[(0, 4.080054e-05), (1, 0.00011919617), (2, 0.9996948), (3, 6.2972314e-05), (4, 8.221228e-05)]","[(0, 0.99989796), (1, 3.487876e-05), (2, 2.468815e-05), (3, 1.8426748e-05), (4, 2.4056684e-05)]","[(0, 2.5057338e-05), (1, 0.999834), (2, 5.181536e-05), (3, 3.8673963e-05), (4, 5.049004e-05)]","[(0, 1.8606692e-06), (1, 0.99998766), (2, 3.847625e-06), (3, 2.8717916e-06), (4, 3.7492118e-06)]","[(0, 4.1286825e-05), (1, 0.9997264), (2, 8.5375854e-05), (3, 6.372285e-05), (4, 8.3192135e-05)]","[(0, 4.903466e-05), (1, 0.017878534), (2, 0.98189795), (3, 7.568101e-05), (4, 9.880388e-05)]","[(0, 1.923634e-05), (1, 5.619771e-05), (2, 0.9998561), (3, 2.9689727e-05), (4, 3.876085e-05)]","[(0, 8.51475e-06), (1, 2.4875286e-05), (2, 1.7607412e-05), (3, 1.3141825e-05), (4, 0.9999359)]","[(0, 1.5804566e-05), (1, 4.6172016e-05), (2, 3.2681815e-05), (3, 0.99987346), (4, 3.184589e-05)]","[(0, 6.723128e-06), (1, 0.9999554), (2, 1.3902567e-05), (3, 1.03766015e-05), (4, 1.3546972e-05)]","[(0, 2.454463e-05), (1, 7.170555e-05), (2, 5.075515e-05), (3, 3.788264e-05), (4, 0.9998151)]","[(0, 0.044859666), (1, 2.6517408e-05), (2, 1.8769755e-05), (3, 1.4009375e-05), (4, 0.95508105)]"
"[(0, 0.0832117), (1, 7.123927e-05), (2, 4.4609762e-05), (3, 0.5176669), (4, 0.3990056)]","[(0, 3.228607e-06), (1, 0.99994767), (2, 1.3586322e-05), (3, 2.3633445e-05), (4, 1.1884208e-05)]","[(0, 3.3161073e-06), (1, 2.2118307e-05), (2, 0.9999381), (3, 2.4274374e-05), (4, 1.2206288e-05)]","[(0, 3.8359494e-06), (1, 2.5584493e-05), (2, 1.6021188e-05), (3, 0.9999404), (4, 1.4119781e-05)]","[(0, 3.661248e-06), (1, 0.44976875), (2, 0.21218514), (3, 2.6801243e-05), (4, 0.33801565)]","[(0, 1.4585662e-05), (1, 0.035783835), (2, 6.091833e-05), (3, 0.96408695), (4, 5.3688495e-05)]","[(0, 3.909812e-06), (1, 2.6076948e-05), (2, 1.6329679e-05), (3, 0.99993926), (4, 1.4391663e-05)]","[(0, 7.2421867e-06), (1, 0.9998829), (2, 3.024764e-05), (3, 5.3017327e-05), (4, 2.665783e-05)]","[(0, 2.1080054e-06), (1, 1.405975e-05), (2, 8.8042725e-06), (3, 1.5431155e-05), (4, 0.9999596)]","[(0, 2.3196687e-06), (1, 1.5471485e-05), (2, 9.688304e-06), (3, 1.698077e-05), (4, 0.99995553)]","[(0, 5.529328e-06), (1, 3.6878853e-05), (2, 0.99989676), (3, 4.0475385e-05), (4, 2.0352953e-05)]","[(0, 9.472174e-06), (1, 0.9998468), (2, 3.956138e-05), (3, 6.933781e-05), (4, 3.4866207e-05)]","[(0, 2.3463654e-06), (1, 0.03704366), (2, 9.799806e-06), (3, 0.9629355), (4, 8.636757e-06)]","[(0, 1.2678274e-05), (1, 8.4566214e-05), (2, 5.2951953e-05), (3, 0.9998032), (4, 4.666757e-05)]","[(0, 0.9999216), (1, 2.3914867e-05), (2, 1.4975396e-05), (3, 2.6247715e-05), (4, 1.3198106e-05)]","[(0, 1.3853471e-05), (1, 9.240397e-05), (2, 0.9997413), (3, 0.00010141678), (4, 5.099336e-05)]","[(0, 2.6908538e-06), (1, 1.794701e-05), (2, 1.1238591e-05), (3, 0.9999582), (4, 9.9047875e-06)]","[(0, 1.3929846e-05), (1, 9.290932e-05), (2, 5.8179256e-05), (3, 0.9997837), (4, 5.1274495e-05)]","[(0, 1.9892987e-05), (1, 0.99967813), (2, 8.308484e-05), (3, 0.0001456366), (4, 7.322427e-05)]","[(0, 2.3106242e-05), (1, 0.99962616), (2, 9.650529e-05), (3, 0.00016915324), (4, 8.505197e-05)]"
"[(0, 3.0825388e-05), (1, 1.7862183e-06), (2, 2.1074158e-05), (3, 1.9982625e-05), (4, 0.9999263)]","[(0, 0.6182565), (1, 7.489795e-06), (2, 8.8367815e-05), (3, 0.37057367), (4, 0.011073967)]","[(0, 0.9998946), (1, 2.0459247e-06), (2, 2.4137677e-05), (3, 2.2887018e-05), (4, 5.6341705e-05)]","[(0, 4.1407813e-05), (1, 2.4005706e-06), (2, 2.8322933e-05), (3, 2.6854676e-05), (4, 0.99990106)]","[(0, 4.924358e-05), (1, 2.855557e-06), (2, 3.369142e-05), (3, 3.194434e-05), (4, 0.9998823)]","[(0, 2.3919603e-05), (1, 1.3865188e-06), (2, 1.6358023e-05), (3, 0.9999198), (4, 3.8602873e-05)]","[(0, 0.28389764), (1, 4.4524163e-06), (2, 0.23318714), (3, 4.9810056e-05), (4, 0.48286095)]","[(0, 0.29980677), (1, 3.2610808e-06), (2, 3.8474624e-05), (3, 3.6483278e-05), (4, 0.700115)]","[(0, 0.29593265), (1, 9.947134e-06), (2, 0.048516545), (3, 0.18140127), (4, 0.47413954)]","[(0, 0.9998489), (1, 2.9214214e-06), (2, 3.446564e-05), (3, 3.2681346e-05), (4, 8.103413e-05)]","[(0, 0.7451959), (1, 4.8998386e-06), (2, 0.1001467), (3, 5.4816686e-05), (4, 0.15459763)]","[(0, 3.4726883e-05), (1, 2.0131504e-06), (2, 2.3750868e-05), (3, 0.99988043), (4, 5.9101567e-05)]","[(0, 0.99974483), (1, 4.8880866e-06), (2, 5.7673682e-05), (3, 5.468375e-05), (4, 0.00013793311)]","[(0, 0.00045746332), (1, 3.441615e-06), (2, 0.06568124), (3, 0.9337619), (4, 9.591951e-05)]","[(0, 6.5178145e-05), (1, 3.7772706e-06), (2, 4.4568733e-05), (3, 4.2256364e-05), (4, 0.99984425)]","[(0, 6.757012e-05), (1, 3.9192732e-06), (2, 4.624047e-05), (3, 4.3843716e-05), (4, 0.9998384)]","[(0, 5.648932e-05), (1, 3.2709008e-06), (2, 3.8591428e-05), (3, 3.6592348e-05), (4, 0.99986506)]","[(0, 3.7544516e-05), (1, 2.1751505e-06), (2, 0.8924822), (3, 2.433312e-05), (4, 0.107453704)]","[(0, 3.0838422e-05), (1, 1.7880928e-06), (2, 0.9998981), (3, 2.000304e-05), (4, 4.9300288e-05)]","[(0, 9.0911446e-05), (1, 5.274706e-06), (2, 6.223264e-05), (3, 5.900602e-05), (4, 0.9997826)]"
"[(0, 0.39880112), (1, 1.1700106e-05), (2, 3.2305247e-06), (3, 0.60117275), (4, 1.1228042e-05)]","[(0, 0.99998724), (1, 3.9175598e-06), (2, 1.0816802e-06), (3, 3.974518e-06), (4, 3.759498e-06)]","[(0, 3.774241e-05), (1, 9.653364e-06), (2, 0.9999335), (3, 9.793716e-06), (4, 9.263879e-06)]","[(0, 0.9999877), (1, 3.7644659e-06), (2, 1.0394094e-06), (3, 3.8191984e-06), (4, 3.612581e-06)]","[(0, 0.38603818), (1, 0.61395144), (2, 1.2738939e-06), (3, 4.6807863e-06), (4, 4.4275575e-06)]","[(0, 0.29273072), (1, 1.4985353e-05), (2, 0.70722467), (3, 1.5203229e-05), (4, 1.4380739e-05)]","[(0, 0.9999711), (1, 8.896068e-06), (2, 2.4562996e-06), (3, 9.02541e-06), (4, 8.537138e-06)]","[(0, 0.9999569), (1, 1.3268394e-05), (2, 3.6635456e-06), (3, 1.34613065e-05), (4, 1.2733053e-05)]","[(0, 0.9999874), (1, 3.863481e-06), (2, 1.0667485e-06), (3, 3.919653e-06), (4, 3.707601e-06)]","[(0, 0.13316453), (1, 0.012374806), (2, 9.401224e-06), (3, 0.02329064), (4, 0.83116066)]","[(0, 0.9999766), (1, 7.209132e-06), (2, 1.9905187e-06), (3, 7.3139477e-06), (4, 6.918265e-06)]","[(0, 0.5544019), (1, 0.3443335), (2, 2.7364772e-06), (3, 0.10125237), (4, 9.510925e-06)]","[(0, 1.9218935e-05), (1, 4.915619e-06), (2, 1.357255e-06), (3, 4.9870882e-06), (4, 0.99996954)]","[(0, 0.002954382), (1, 1.021114e-05), (2, 2.8194052e-06), (3, 1.0359602e-05), (4, 0.9970223)]","[(0, 6.8571855e-05), (1, 1.7538632e-05), (2, 4.8426045e-06), (3, 1.779363e-05), (4, 0.9998913)]","[(0, 2.817503e-05), (1, 7.206332e-06), (2, 0.99995035), (3, 7.311107e-06), (4, 6.915578e-06)]","[(0, 7.1176773e-06), (1, 1.82049e-06), (2, 5.026568e-07), (3, 0.99998885), (4, 1.7470386e-06)]","[(0, 0.9999322), (1, 2.0841766e-05), (2, 5.754635e-06), (3, 2.114479e-05), (4, 2.0000862e-05)]","[(0, 0.9999544), (1, 1.4050774e-05), (2, 3.8795692e-06), (3, 1.4255062e-05), (4, 1.3483867e-05)]","[(0, 1.3623932e-05), (1, 0.9999786), (2, 9.621333e-07), (3, 3.5352557e-06), (4, 3.3439994e-06)]"
"[(0, 0.0006003816), (1, 0.07165578), (2, 0.00069443445), (3, 0.000679361), (4, 0.92637)]","[(0, 3.3687855e-05), (1, 4.358929e-05), (2, 0.9998417), (3, 3.93322e-05), (4, 4.1724383e-05)]","[(0, 0.00012273788), (1, 0.9994361), (2, 0.00014828763), (3, 0.00014360022), (4, 0.00014923699)]","[(0, 6.209346e-05), (1, 0.99972385), (2, 6.975977e-05), (3, 7.105405e-05), (4, 7.326068e-05)]","[(0, 0.0003815586), (1, 0.0005473199), (2, 0.00043456562), (3, 0.00043116152), (4, 0.99820536)]","[(0, 9.6502576e-05), (1, 0.9995244), (2, 0.00011055922), (3, 0.00010953463), (4, 0.00015900508)]","[(0, 0.00018302002), (1, 0.00023207042), (2, 0.00019941315), (3, 0.00020904651), (4, 0.99917644)]","[(0, 7.678403e-05), (1, 0.99961495), (2, 9.140754e-05), (3, 9.5754425e-05), (4, 0.00012113047)]","[(0, 7.3754134e-05), (1, 0.06603753), (2, 0.9336784), (3, 0.00010104628), (4, 0.00010925323)]","[(0, 0.0001548611), (1, 0.99806774), (2, 0.00018770537), (3, 0.00018687309), (4, 0.0014028378)]","[(0, 0.0003084126), (1, 0.9985906), (2, 0.000363183), (3, 0.00036824506), (4, 0.00036953422)]","[(0, 0.00012148632), (1, 0.00015676767), (2, 0.0013443651), (3, 0.99822533), (4, 0.00015200378)]","[(0, 0.00014605378), (1, 0.9969496), (2, 0.0025407153), (3, 0.000187251), (4, 0.00017638391)]","[(0, 0.00017331776), (1, 0.00022143965), (2, 0.99918866), (3, 0.00021009843), (4, 0.00020648842)]","[(0, 0.00014157622), (1, 0.0021132233), (2, 0.9973826), (3, 0.00016672339), (4, 0.00019590896)]","[(0, 0.000101478596), (1, 0.9995267), (2, 0.000119306), (3, 0.000115976865), (4, 0.00013659075)]","[(0, 0.00032334588), (1, 0.9638906), (2, 0.00036507138), (3, 0.00036745056), (4, 0.035053518)]","[(0, 0.00016287298), (1, 0.9889892), (2, 0.010454044), (3, 0.00019596766), (4, 0.00019790826)]","[(0, 0.0001823478), (1, 0.00023010891), (2, 0.00019772683), (3, 0.0002074655), (4, 0.99918234)]","[(0, 0.00023853201), (1, 0.00033079067), (2, 0.12097086), (3, 0.00030713697), (4, 0.87815267)]"
"[(0, 3.5427968e-06), (1, 1.2292385e-06), (2, 2.9909963e-06), (3, 0.42915326), (4, 0.570839)]","[(0, 0.99995214), (1, 3.2984744e-06), (2, 8.025883e-06), (3, 2.1357511e-05), (4, 1.5188948e-05)]","[(0, 2.0124976e-06), (1, 0.9999886), (2, 1.6990455e-06), (3, 4.521291e-06), (4, 3.2154358e-06)]","[(0, 6.0466946e-06), (1, 0.9279936), (2, 5.104905e-06), (3, 0.07198564), (4, 9.661009e-06)]","[(0, 0.9999284), (1, 4.9336286e-06), (2, 1.2004558e-05), (3, 3.1945136e-05), (4, 2.2718572e-05)]","[(0, 6.6733105e-06), (1, 2.3154278e-06), (2, 5.6339236e-06), (3, 1.49922935e-05), (4, 0.99997044)]","[(0, 2.70946e-05), (1, 9.40097e-06), (2, 2.2874541e-05), (3, 6.0871116e-05), (4, 0.9998798)]","[(0, 0.99993616), (1, 4.3987616e-06), (2, 1.0703114e-05), (3, 2.848189e-05), (4, 2.0255593e-05)]","[(0, 1.2750517e-05), (1, 4.424027e-06), (2, 1.0764589e-05), (3, 0.9999517), (4, 2.0371934e-05)]","[(0, 9.103037e-06), (1, 3.1584661e-06), (2, 0.9999528), (3, 2.0450972e-05), (4, 1.4544232e-05)]","[(0, 1.6110474e-05), (1, 5.589826e-06), (2, 1.3601224e-05), (3, 0.999939), (4, 2.5740253e-05)]","[(0, 4.354109e-05), (1, 1.5107383e-05), (2, 3.6759448e-05), (3, 0.9998351), (4, 6.956708e-05)]","[(0, 1.3079997e-05), (1, 4.538346e-06), (2, 1.1042752e-05), (3, 0.99995047), (4, 2.0898355e-05)]","[(0, 6.1365176e-06), (1, 2.1291778e-06), (2, 5.180738e-06), (3, 0.99867445), (4, 0.0013121263)]","[(0, 2.3625505e-05), (1, 8.197304e-06), (2, 0.99987733), (3, 5.3077325e-05), (4, 3.774727e-05)]","[(0, 8.676951e-06), (1, 3.010628e-06), (2, 0.99995494), (3, 1.9493742e-05), (4, 1.38634605e-05)]","[(0, 2.6750531e-05), (1, 9.281589e-06), (2, 0.11820601), (3, 0.88171524), (4, 4.2740234e-05)]","[(0, 0.99990726), (1, 6.3902244e-06), (2, 1.5548761e-05), (3, 4.137656e-05), (4, 2.9425966e-05)]","[(0, 3.9223237e-06), (1, 1.3609223e-06), (2, 3.3114106e-06), (3, 8.811938e-06), (4, 0.9999826)]","[(0, 1.3358581e-05), (1, 4.6350056e-06), (2, 1.1277945e-05), (3, 3.001143e-05), (4, 0.9999407)]"
"[(0, 2.6332085e-05), (1, 0.00012909938), (2, 7.729725e-05), (3, 3.3655742e-06), (4, 0.9997639)]","[(0, 1.3183755e-05), (1, 0.52032536), (2, 0.47963324), (3, 1.685051e-06), (4, 2.6541853e-05)]","[(0, 2.2217882e-05), (1, 0.999865), (2, 6.5220105e-05), (3, 2.8397271e-06), (4, 4.4729575e-05)]","[(0, 9.555402e-06), (1, 0.99994195), (2, 2.804967e-05), (3, 1.2213015e-06), (4, 1.9237166e-05)]","[(0, 3.4353936e-05), (1, 0.79447067), (2, 0.20542137), (3, 4.390868e-06), (4, 6.916217e-05)]","[(0, 1.04812425e-05), (1, 5.1386854e-05), (2, 0.99991566), (3, 1.3396356e-06), (4, 2.1101088e-05)]","[(0, 1.0536964e-05), (1, 5.165756e-05), (2, 0.99991524), (3, 1.3467575e-06), (4, 2.1213267e-05)]","[(0, 1.3432613e-05), (1, 6.585468e-05), (2, 3.9431136e-05), (3, 1.7168582e-06), (4, 0.9998796)]","[(0, 9.155237e-06), (1, 0.7337956), (2, 2.6874994e-05), (3, 1.1701554e-06), (4, 0.26616725)]","[(0, 5.229541e-05), (1, 0.0002563808), (2, 0.99957937), (3, 6.684016e-06), (4, 0.00010528237)]","[(0, 0.9997922), (1, 0.00010208878), (2, 6.11251e-05), (3, 2.661428e-06), (4, 4.192112e-05)]","[(0, 3.4346106e-06), (1, 0.9999791), (2, 1.0082222e-05), (3, 4.3898675e-07), (4, 6.9146404e-06)]","[(0, 0.99989456), (1, 5.1802926e-05), (2, 3.1016476e-05), (3, 1.3504783e-06), (4, 2.1271877e-05)]","[(0, 9.390922e-06), (1, 4.6041954e-05), (2, 0.99992454), (3, 1.2002789e-06), (4, 1.890603e-05)]","[(0, 3.447484e-05), (1, 0.99979055), (2, 0.00010120013), (3, 4.4063218e-06), (4, 6.940558e-05)]","[(0, 4.3998643e-06), (1, 0.99997324), (2, 1.2915702e-05), (3, 5.623584e-07), (4, 8.857913e-06)]","[(0, 9.697204e-06), (1, 0.9999411), (2, 2.8465929e-05), (3, 1.2394256e-06), (4, 1.9522646e-05)]","[(0, 5.0797367e-05), (1, 0.99969137), (2, 0.00014911455), (3, 6.4925475e-06), (4, 0.00010226648)]","[(0, 1.1714365e-05), (1, 5.743211e-05), (2, 3.438726e-05), (3, 1.4972444e-06), (4, 0.9998949)]","[(0, 4.380921e-05), (1, 0.9997338), (2, 0.00012860095), (3, 5.5993723e-06), (4, 8.8197754e-05)]"
"[(0, 2.0685732e-06), (1, 9.603826e-06), (2, 0.9999664), (3, 1.2102206e-05), (4, 9.816969e-06)]","[(0, 2.5092847e-06), (1, 1.16499305e-05), (2, 1.24086455e-05), (3, 0.99996156), (4, 1.1908483e-05)]","[(0, 6.9297403e-06), (1, 3.217291e-05), (2, 3.4268207e-05), (3, 4.0542505e-05), (4, 0.9998861)]","[(0, 1.731718e-06), (1, 8.039899e-06), (2, 8.5635065e-06), (3, 0.9999734), (4, 8.218333e-06)]","[(0, 1.2276294e-05), (1, 5.6995515e-05), (2, 6.0707414e-05), (3, 7.182257e-05), (4, 0.9997982)]","[(0, 1.6017747e-06), (1, 0.6838681), (2, 0.31611326), (3, 9.371197e-06), (4, 7.6016513e-06)]","[(0, 5.4737447e-06), (1, 2.5413116e-05), (2, 2.7068176e-05), (3, 3.2024192e-05), (4, 0.99991006)]","[(0, 5.5460105e-06), (1, 2.5748626e-05), (2, 0.99990994), (3, 3.2446984e-05), (4, 2.632008e-05)]","[(0, 4.095685e-06), (1, 0.9999322), (2, 2.0253545e-05), (3, 2.3961842e-05), (4, 1.9437175e-05)]","[(0, 8.006401e-06), (1, 3.7171554e-05), (2, 3.9592396e-05), (3, 0.97256833), (4, 0.027346866)]","[(0, 4.7135463e-06), (1, 2.1883721e-05), (2, 2.3308925e-05), (3, 2.7576643e-05), (4, 0.99992245)]","[(0, 2.7556257e-06), (1, 0.9999544), (2, 1.3626825e-05), (3, 1.6121812e-05), (4, 1.3077562e-05)]","[(0, 0.999927), (1, 1.678788e-05), (2, 1.7881212e-05), (3, 2.115515e-05), (4, 1.7160464e-05)]","[(0, 1.270038e-06), (1, 5.896443e-06), (2, 6.2804556e-06), (3, 0.9999805), (4, 6.027306e-06)]","[(0, 0.9999254), (1, 1.7167064e-05), (2, 1.8285089e-05), (3, 2.1632975e-05), (4, 1.7548062e-05)]","[(0, 3.0354424e-06), (1, 1.4092739e-05), (2, 0.7905911), (3, 0.20937736), (4, 1.4405507e-05)]","[(0, 7.5322596e-06), (1, 0.99987537), (2, 3.7247723e-05), (3, 4.4067558e-05), (4, 3.5746358e-05)]","[(0, 1.9452577e-06), (1, 0.9999678), (2, 9.619481e-06), (3, 1.1380749e-05), (4, 9.231743e-06)]","[(0, 1.8439553e-06), (1, 8.560985e-06), (2, 0.99997), (3, 1.0788076e-05), (4, 8.750984e-06)]","[(0, 1.165147e-05), (1, 5.4094624e-05), (2, 5.7617603e-05), (3, 0.9626318), (4, 0.037244845)]"
"[(0, 2.906413e-06), (1, 0.029592704), (2, 0.9703978), (3, 3.536683e-06), (4, 3.0354122e-06)]","[(0, 0.9999673), (1, 8.830416e-06), (2, 9.461956e-06), (3, 7.75774e-06), (4, 6.658199e-06)]","[(0, 0.050442852), (1, 1.082293e-05), (2, 0.062006876), (3, 9.508212e-06), (4, 0.88752997)]","[(0, 6.725634e-06), (1, 0.9079747), (2, 9.9820045e-06), (3, 0.0013757074), (4, 0.09063285)]","[(0, 4.893793e-06), (1, 0.9999768), (2, 7.2632356e-06), (3, 5.9550357e-06), (4, 5.1110005e-06)]","[(0, 5.0101335e-06), (1, 0.011678139), (2, 7.4359045e-06), (3, 0.9871838), (4, 0.0011256554)]","[(0, 5.005985e-06), (1, 6.9338466e-06), (2, 0.008252357), (3, 0.9917305), (4, 5.2281716e-06)]","[(0, 4.075855e-06), (1, 5.6455133e-06), (2, 0.99998105), (3, 4.959724e-06), (4, 4.2567585e-06)]","[(0, 4.3859172e-06), (1, 6.074984e-06), (2, 6.5094596e-06), (3, 0.9999785), (4, 4.5805828e-06)]","[(0, 8.119116e-06), (1, 1.124588e-05), (2, 1.2050172e-05), (3, 9.879785e-06), (4, 0.9999587)]","[(0, 5.5603946e-06), (1, 7.701767e-06), (2, 0.99997413), (3, 6.766193e-06), (4, 5.8071887e-06)]","[(0, 5.045824e-06), (1, 0.003646517), (2, 7.4888753e-06), (3, 6.140035e-06), (4, 0.9963348)]","[(0, 0.9999023), (1, 2.6374375e-05), (2, 2.826064e-05), (3, 2.3170543e-05), (4, 1.9886473e-05)]","[(0, 5.079079e-06), (1, 7.0350907e-06), (2, 0.9999764), (3, 6.180502e-06), (4, 5.3045105e-06)]","[(0, 6.6879024e-06), (1, 0.9999683), (2, 9.926004e-06), (3, 8.138206e-06), (4, 6.98474e-06)]","[(0, 0.9344446), (1, 1.2783749e-05), (2, 0.065521725), (3, 1.1230842e-05), (4, 9.639041e-06)]","[(0, 0.9997541), (1, 6.637869e-05), (2, 7.112602e-05), (3, 5.831533e-05), (4, 5.0050025e-05)]","[(0, 4.341816e-06), (1, 0.99997944), (2, 6.444006e-06), (3, 5.2833593e-06), (4, 4.534524e-06)]","[(0, 9.540031e-06), (1, 0.8955667), (2, 0.104402125), (3, 1.1608833e-05), (4, 9.963459e-06)]","[(0, 1.9006304e-05), (1, 2.632585e-05), (2, 0.0006898075), (3, 0.99924505), (4, 1.9849886e-05)]"
"[(0, 0.09121866), (1, 4.026571e-06), (2, 1.8967082e-06), (3, 0.90121365), (4, 0.0075618)]","[(0, 0.038220692), (1, 0.96173036), (2, 8.4108915e-06), (3, 1.7259488e-05), (4, 2.3275414e-05)]","[(0, 4.786283e-06), (1, 3.5207488e-06), (2, 1.6584416e-06), (3, 3.403189e-06), (4, 0.99998665)]","[(0, 0.00020901431), (1, 0.7141765), (2, 6.220914e-06), (3, 0.013340672), (4, 0.27226755)]","[(0, 3.7686543e-06), (1, 0.9999887), (2, 1.3058344e-06), (3, 2.679625e-06), (4, 3.6136285e-06)]","[(0, 0.9940173), (1, 7.843271e-06), (2, 3.6945573e-06), (3, 0.0059609166), (4, 1.0223928e-05)]","[(0, 0.9999826), (1, 4.65733e-06), (2, 2.193826e-06), (3, 4.5018196e-06), (4, 6.0709626e-06)]","[(0, 8.322358e-06), (1, 6.1218548e-06), (2, 2.8836873e-06), (3, 5.9174426e-06), (4, 0.99997675)]","[(0, 0.99650615), (1, 1.350726e-05), (2, 6.3625675e-06), (3, 1.3056245e-05), (4, 0.003460898)]","[(0, 1.2172116e-05), (1, 0.022051236), (2, 4.2176243e-06), (3, 0.9779207), (4, 1.1671408e-05)]","[(0, 0.99998534), (1, 3.913479e-06), (2, 1.8434364e-06), (3, 3.7828058e-06), (4, 5.1013317e-06)]","[(0, 1.591317e-05), (1, 1.17055915e-05), (2, 5.5138958e-06), (3, 1.1314736e-05), (4, 0.9999556)]","[(0, 1.38296955e-05), (1, 1.0173005e-05), (2, 4.7919734e-06), (3, 0.9999579), (4, 1.3260802e-05)]","[(0, 0.9999807), (1, 5.15434e-06), (2, 2.4279416e-06), (3, 4.982234e-06), (4, 6.7188294e-06)]","[(0, 7.669926e-06), (1, 5.641932e-06), (2, 0.9999739), (3, 5.453545e-06), (4, 7.3544197e-06)]","[(0, 7.973937e-06), (1, 5.8655596e-06), (2, 2.76296e-06), (3, 5.6697054e-06), (4, 0.9999777)]","[(0, 2.0437838e-05), (1, 0.052150596), (2, 7.0816873e-06), (3, 0.9478023), (4, 1.9597113e-05)]","[(0, 2.3742066e-05), (1, 0.1701677), (2, 0.8297689), (3, 1.6881313e-05), (4, 2.2765422e-05)]","[(0, 7.797651e-06), (1, 5.735885e-06), (2, 2.7018773e-06), (3, 0.9999763), (4, 7.4768905e-06)]","[(0, 0.9999537), (1, 1.2375558e-05), (2, 5.829482e-06), (3, 1.1962331e-05), (4, 1.6131893e-05)]"
"[(0, 0.00011042682), (1, 0.00012962778), (2, 0.00012561053), (3, 0.99951386), (4, 0.00012046999)]","[(0, 0.000252274), (1, 0.00028151937), (2, 0.0002890486), (3, 0.9988981), (4, 0.00027906196)]","[(0, 0.00031697832), (1, 0.00034499142), (2, 0.00036515953), (3, 0.9986285), (4, 0.00034437847)]","[(0, 0.0003019082), (1, 0.00033463034), (2, 0.00035094144), (3, 0.00038116935), (4, 0.99863136)]","[(0, 0.000109267356), (1, 0.0001271072), (2, 0.0001279305), (3, 0.99951535), (4, 0.00012036009)]","[(0, 9.5356816e-05), (1, 0.00010487486), (2, 0.9995802), (3, 0.00011591958), (4, 0.00010360918)]","[(0, 5.549041e-05), (1, 6.052852e-05), (2, 0.99975324), (3, 6.6683315e-05), (4, 6.409168e-05)]","[(0, 0.000561336), (1, 0.1686352), (2, 0.0006473386), (3, 0.8295453), (4, 0.0006107614)]","[(0, 0.0005067148), (1, 0.00055277563), (2, 0.00058797613), (3, 0.99780357), (4, 0.0005490013)]","[(0, 8.979202e-05), (1, 9.617436e-05), (2, 0.9996117), (3, 0.00010445439), (4, 9.795659e-05)]","[(0, 0.000108592205), (1, 0.99950236), (2, 0.00012607794), (3, 0.00014428982), (4, 0.000118630756)]","[(0, 0.0003367148), (1, 0.00037444138), (2, 0.00037857724), (3, 0.9985444), (4, 0.0003658704)]","[(0, 0.00020840901), (1, 0.00022380687), (2, 0.5468111), (3, 0.00024235627), (4, 0.4525143)]","[(0, 0.0011760511), (1, 0.001254509), (2, 0.0012583032), (3, 0.0013653602), (4, 0.9949458)]","[(0, 0.0003095245), (1, 0.000341909), (2, 0.99863905), (3, 0.0003684471), (4, 0.00034108682)]","[(0, 8.4493935e-05), (1, 9.386228e-05), (2, 0.9996245), (3, 0.00010320175), (4, 9.3976676e-05)]","[(0, 0.000121809644), (1, 0.0001347662), (2, 0.40792522), (3, 0.00014917676), (4, 0.59166896)]","[(0, 0.00015661494), (1, 0.00017484502), (2, 0.9992987), (3, 0.0001942864), (4, 0.00017558922)]","[(0, 0.00035436975), (1, 0.0004000485), (2, 0.99825466), (3, 0.0005957461), (4, 0.00039512618)]","[(0, 0.000108689885), (1, 0.00011775705), (2, 0.99952775), (3, 0.00012788875), (4, 0.00011792218)]"
"[(0, 2.0051746e-06), (1, 1.5148862e-07), (2, 0.9999938), (3, 1.1193309e-06), (4, 2.925448e-06)]","[(0, 0.45239064), (1, 4.7275357e-06), (2, 0.09685531), (3, 3.4931185e-05), (4, 0.45071435)]","[(0, 0.0024866888), (1, 0.7071415), (2, 0.29029194), (3, 2.209758e-05), (4, 5.7753554e-05)]","[(0, 1.0842369e-05), (1, 8.191284e-07), (2, 8.815429e-06), (3, 0.9999637), (4, 1.5818467e-05)]","[(0, 4.542189e-05), (1, 3.431571e-06), (2, 3.693044e-05), (3, 2.535546e-05), (4, 0.99988884)]","[(0, 5.5858973e-06), (1, 0.9999786), (2, 4.541635e-06), (3, 3.118166e-06), (4, 8.14954e-06)]","[(0, 2.107711e-05), (1, 0.48980936), (2, 0.332992), (3, 0.17714682), (4, 3.0750438e-05)]","[(0, 1.9103183e-05), (1, 1.4432233e-06), (2, 1.5531916e-05), (3, 1.0663801e-05), (4, 0.99995327)]","[(0, 2.2490998e-05), (1, 1.6991688e-06), (2, 1.8286393e-05), (3, 1.2554951e-05), (4, 0.999945)]","[(0, 0.9999477), (1, 1.3590014e-06), (2, 1.4625524e-05), (3, 1.0041496e-05), (4, 2.6244143e-05)]","[(0, 0.03682646), (1, 1.2793317e-06), (2, 0.923987), (3, 0.009931913), (4, 0.029253442)]","[(0, 0.9999201), (1, 2.0759542e-06), (2, 2.2341343e-05), (3, 1.5338972e-05), (4, 4.0089464e-05)]","[(0, 3.057104e-05), (1, 2.3096065e-06), (2, 2.48559e-05), (3, 1.70654e-05), (4, 0.9999252)]","[(0, 1.9615134e-05), (1, 1.4819005e-06), (2, 1.5948159e-05), (3, 1.0949582e-05), (4, 0.999952)]","[(0, 1.6873715e-05), (1, 1.2747896e-06), (2, 1.3719239e-05), (3, 9.419266e-06), (4, 0.9999587)]","[(0, 0.4362353), (1, 3.8505923e-06), (2, 4.1439933e-05), (3, 2.8451555e-05), (4, 0.56369096)]","[(0, 0.9999815), (1, 4.807053e-07), (2, 5.1733327e-06), (3, 3.5518729e-06), (4, 9.283062e-06)]","[(0, 0.9918596), (1, 0.004065373), (2, 2.9506662e-05), (3, 0.003992514), (4, 5.2946954e-05)]","[(0, 2.7960152e-05), (1, 2.1123572e-06), (2, 0.4677498), (3, 1.560795e-05), (4, 0.5322045)]","[(0, 7.044567e-06), (1, 5.3220884e-07), (2, 5.727612e-06), (3, 0.99997646), (4, 1.0277667e-05)]"
"[(0, 1.032165e-05), (1, 0.9999611), (2, 1.6018912e-05), (3, 1.2847712e-06), (4, 1.1257503e-05)]","[(0, 6.134108e-05), (1, 0.18285957), (2, 9.519965e-05), (3, 7.635335e-06), (4, 0.8169763)]","[(0, 2.7583924e-06), (1, 4.469298e-06), (2, 5.9111262e-05), (3, 3.4334656e-07), (4, 0.9999333)]","[(0, 0.0003750283), (1, 0.42783532), (2, 0.0005820334), (3, 4.6681056e-05), (4, 0.5711609)]","[(0, 4.0772447e-05), (1, 0.9998464), (2, 6.32777e-05), (3, 5.0750864e-06), (4, 4.446924e-05)]","[(0, 0.99928707), (1, 1.3016528e-05), (2, 0.0006901474), (3, 9.999736e-07), (4, 8.762032e-06)]","[(0, 5.4544787e-05), (1, 0.08964046), (2, 8.465198e-05), (3, 6.789377e-06), (4, 0.9102136)]","[(0, 6.827923e-05), (1, 0.9997428), (2, 0.000105967454), (3, 8.49895e-06), (4, 7.447004e-05)]","[(0, 1.6437958e-05), (1, 2.6633676e-05), (2, 0.7436762), (3, 2.0460889e-06), (4, 0.2562787)]","[(0, 0.9999886), (1, 4.209308e-06), (2, 4.0319146e-06), (3, 3.2337326e-07), (4, 2.8334814e-06)]","[(0, 0.0001696746), (1, 0.9993608), (2, 0.00026333024), (3, 2.1119979e-05), (4, 0.0001850588)]","[(0, 3.0422145e-05), (1, 0.65634096), (2, 0.1601464), (3, 3.7867487e-06), (4, 0.18347843)]","[(0, 2.9555902e-05), (1, 4.7888083e-05), (2, 0.99988663), (3, 3.6789245e-06), (4, 3.2235705e-05)]","[(0, 2.022504e-06), (1, 3.2769713e-06), (2, 0.99999225), (3, 2.5174802e-07), (4, 2.2058823e-06)]","[(0, 1.2339448e-05), (1, 0.99995345), (2, 1.9150479e-05), (3, 1.5359335e-06), (4, 1.3458253e-05)]","[(0, 4.2878532e-06), (1, 6.947414e-06), (2, 6.6546286e-06), (3, 0.9999774), (4, 4.6766286e-06)]","[(0, 5.3167682e-06), (1, 8.614517e-06), (2, 0.9999796), (3, 6.617964e-07), (4, 5.7988336e-06)]","[(0, 0.3636464), (1, 0.6043274), (2, 0.032018274), (3, 8.1632777e-07), (4, 7.1528784e-06)]","[(0, 0.9999463), (1, 1.9829195e-05), (2, 1.899353e-05), (3, 1.5233458e-06), (4, 1.3347956e-05)]","[(0, 3.710065e-06), (1, 6.0112493e-06), (2, 0.99998575), (3, 4.618045e-07), (4, 4.0464524e-06)]"
"[(0, 0.9999308), (1, 2.0199912e-05), (2, 2.4780136e-05), (3, 1.4906459e-05), (4, 9.3104945e-06)]","[(0, 5.537682e-06), (1, 0.99997723), (2, 8.7055705e-06), (3, 5.2368246e-06), (4, 3.2708929e-06)]","[(0, 1.0747348e-05), (1, 1.3772612e-05), (2, 1.689548e-05), (3, 1.0163454e-05), (4, 0.99994844)]","[(0, 8.3780915e-06), (1, 1.0736436e-05), (2, 0.999968), (3, 7.922918e-06), (4, 4.948612e-06)]","[(0, 1.2864705e-05), (1, 1.6485983e-05), (2, 0.9808143), (3, 0.019148797), (4, 7.59868e-06)]","[(0, 9.2967575e-06), (1, 1.1913697e-05), (2, 0.99996454), (3, 8.791673e-06), (4, 5.4912325e-06)]","[(0, 6.743691e-06), (1, 8.641968e-06), (2, 1.0601489e-05), (3, 0.9999701), (4, 3.9832353e-06)]","[(0, 0.06787224), (1, 1.437254e-05), (2, 0.9320961), (3, 1.0590842e-05), (4, 6.6149837e-06)]","[(0, 1.1579753e-05), (1, 1.483933e-05), (2, 1.8204071e-05), (3, 1.0950635e-05), (4, 0.99994445)]","[(0, 0.9999747), (1, 7.3890105e-06), (2, 9.06443e-06), (3, 5.4526963e-06), (4, 3.405725e-06)]","[(0, 6.4875996e-05), (1, 0.990956), (2, 0.008879452), (3, 6.135135e-05), (4, 3.8319722e-05)]","[(0, 3.892954e-05), (1, 0.9998401), (2, 6.1199586e-05), (3, 3.681453e-05), (4, 2.299416e-05)]","[(0, 2.4884379e-05), (1, 3.1889067e-05), (2, 3.9119746e-05), (3, 0.9998894), (4, 1.4698232e-05)]","[(0, 0.044911005), (1, 0.6069948), (2, 4.6351848e-05), (3, 2.7882894e-05), (4, 0.34802)]","[(0, 2.1838583e-05), (1, 0.19519234), (2, 3.433157e-05), (3, 0.7915445), (4, 0.013207013)]","[(0, 2.6484184e-05), (1, 8.246421e-05), (2, 0.009002556), (3, 0.99087286), (4, 1.5643174e-05)]","[(0, 2.6159742e-05), (1, 0.99989253), (2, 4.1124695e-05), (3, 2.4738507e-05), (4, 1.545154e-05)]","[(0, 1.4554218e-05), (1, 1.8651075e-05), (2, 0.99994445), (3, 1.3763501e-05), (4, 8.596609e-06)]","[(0, 0.9998493), (1, 4.3975728e-05), (2, 5.3947e-05), (3, 3.2451746e-05), (4, 2.0269188e-05)]","[(0, 2.5146252e-05), (1, 3.2224656e-05), (2, 0.999904), (3, 2.378008e-05), (4, 1.4852911e-05)]"
"[(0, 5.8361715e-05), (1, 7.314175e-05), (2, 0.996288), (3, 6.846206e-05), (4, 0.00351203)]","[(0, 0.00010538593), (1, 0.00013146017), (2, 0.99951035), (3, 0.00012100913), (4, 0.00013179649)]","[(0, 3.2682e-05), (1, 4.169031e-05), (2, 0.99984795), (3, 3.7425485e-05), (4, 4.026569e-05)]","[(0, 0.00017570253), (1, 0.00020708807), (2, 0.00025342047), (3, 0.00022330853), (4, 0.99914044)]","[(0, 0.000100413316), (1, 0.00012824153), (2, 0.00025679677), (3, 0.00012141654), (4, 0.9993931)]","[(0, 8.604507e-05), (1, 9.976749e-05), (2, 0.000117621945), (3, 9.948945e-05), (4, 0.9995971)]","[(0, 0.00013193609), (1, 0.00015559338), (2, 0.00018905215), (3, 0.99935335), (4, 0.00017008836)]","[(0, 0.00047429878), (1, 0.00059123954), (2, 0.997757), (3, 0.0005438172), (4, 0.00063366006)]","[(0, 0.00015686425), (1, 0.9992553), (2, 0.00022649868), (3, 0.00017317166), (4, 0.00018820539)]","[(0, 0.000100248006), (1, 0.00011715185), (2, 0.9980349), (3, 0.00012986394), (4, 0.0016178099)]","[(0, 0.00023705927), (1, 0.99884856), (2, 0.0003658572), (3, 0.0002605717), (4, 0.000287889)]","[(0, 5.4437416e-05), (1, 6.4370615e-05), (2, 0.9997445), (3, 6.472701e-05), (4, 7.195617e-05)]","[(0, 0.00027276843), (1, 0.00034608357), (2, 0.008982184), (3, 0.00030517348), (4, 0.99009377)]","[(0, 0.00018532715), (1, 0.00022629816), (2, 0.0002630563), (3, 0.9990858), (4, 0.0002394973)]","[(0, 0.00049366226), (1, 0.0005716579), (2, 0.9977726), (3, 0.0005569217), (4, 0.0006052066)]","[(0, 0.00017914838), (1, 0.00021097771), (2, 0.00024876057), (3, 0.00020898116), (4, 0.9991521)]","[(0, 8.8619054e-05), (1, 0.00010207193), (2, 0.99959534), (3, 0.000101631354), (4, 0.00011233545)]","[(0, 0.0001799596), (1, 0.69900215), (2, 0.00025149027), (3, 0.25077018), (4, 0.049796227)]","[(0, 0.00020911302), (1, 0.00024804068), (2, 0.0003170677), (3, 0.769552), (4, 0.22967377)]","[(0, 0.0002844783), (1, 0.0003682411), (2, 0.9945894), (3, 0.0003859721), (4, 0.0043719127)]"
"[(0, 1.3624303e-05), (1, 4.344805e-05), (2, 1.2069326e-05), (3, 3.6807825e-05), (4, 0.9998941)]","[(0, 1.737566e-05), (1, 0.9999019), (2, 1.539253e-05), (3, 4.6942594e-05), (4, 1.840455e-05)]","[(0, 2.7759233e-05), (1, 0.99984324), (2, 2.4591e-05), (3, 7.4995194e-05), (4, 2.940298e-05)]","[(0, 2.8572016e-05), (1, 9.111662e-05), (2, 2.5311017e-05), (3, 0.99982476), (4, 3.0263891e-05)]","[(0, 1.7402084e-05), (1, 5.5495304e-05), (2, 1.5415939e-05), (3, 0.99989325), (4, 1.8432538e-05)]","[(0, 5.750252e-05), (1, 0.99967533), (2, 5.0939605e-05), (3, 0.00015535047), (4, 6.0907496e-05)]","[(0, 1.6942142e-05), (1, 5.4028664e-05), (2, 1.5008492e-05), (3, 0.9998961), (4, 1.7945362e-05)]","[(0, 3.2390162e-05), (1, 0.000103293), (2, 0.9997425), (3, 8.750624e-05), (4, 3.4308126e-05)]","[(0, 4.2522915e-05), (1, 0.99975985), (2, 3.7669666e-05), (3, 0.000114881135), (4, 4.5040888e-05)]","[(0, 2.2230595e-05), (1, 7.0893184e-05), (2, 1.969336e-05), (3, 0.9998636), (4, 2.3546967e-05)]","[(0, 0.00493826), (1, 0.9948772), (2, 3.517511e-05), (3, 0.00010727357), (4, 4.2058196e-05)]","[(0, 2.8806615e-05), (1, 9.186488e-05), (2, 2.551884e-05), (3, 0.99982333), (4, 3.0512383e-05)]","[(0, 2.7630082e-05), (1, 8.811253e-05), (2, 0.9997803), (3, 7.464626e-05), (4, 2.926618e-05)]","[(0, 6.952688e-05), (1, 0.99960744), (2, 6.15916e-05), (3, 0.00018783599), (4, 7.3643874e-05)]","[(0, 1.9945846e-05), (1, 6.360766e-05), (2, 1.7669374e-05), (3, 0.9998777), (4, 2.1126927e-05)]","[(0, 1.3877418e-05), (1, 4.425519e-05), (2, 1.2293552e-05), (3, 0.9999149), (4, 1.4699161e-05)]","[(0, 5.494494e-05), (1, 0.99968976), (2, 4.867393e-05), (3, 0.00014844086), (4, 5.819847e-05)]","[(0, 2.0743755e-05), (1, 0.9998829), (2, 1.8376217e-05), (3, 5.604203e-05), (4, 2.1972084e-05)]","[(0, 2.0558782e-05), (1, 0.9998839), (2, 1.8212353e-05), (3, 5.5542245e-05), (4, 2.1776157e-05)]","[(0, 0.99996495), (1, 1.4257782e-05), (2, 3.9606334e-06), (3, 1.2078744e-05), (4, 4.735652e-06)]"
"[(0, 7.3453266e-06), (1, 4.1226718e-05), (2, 0.9999054), (3, 3.7307855e-05), (4, 8.727248e-06)]","[(0, 0.99983937), (1, 5.306165e-05), (2, 4.8335805e-05), (3, 4.80178e-05), (4, 1.1232574e-05)]","[(0, 4.4811686e-06), (1, 2.5151216e-05), (2, 0.9999423), (3, 2.276043e-05), (4, 5.3242393e-06)]","[(0, 7.74441e-06), (1, 4.3466636e-05), (2, 0.9999002), (3, 3.9334853e-05), (4, 9.201414e-06)]","[(0, 7.3247625e-06), (1, 4.1111303e-05), (2, 3.7449794e-05), (3, 3.720341e-05), (4, 0.9998769)]","[(0, 1.4708946e-05), (1, 0.9998179), (2, 7.520339e-05), (3, 7.470862e-05), (4, 1.7476232e-05)]","[(0, 0.9996286), (1, 0.00012267561), (2, 0.000111749716), (3, 0.0001110145), (4, 2.5969093e-05)]","[(0, 7.0804763e-06), (1, 3.974021e-05), (2, 3.6200818e-05), (3, 0.99990857), (4, 8.41257e-06)]","[(0, 9.5914775e-06), (1, 0.9428664), (2, 0.057063892), (3, 4.871634e-05), (4, 1.1395982e-05)]","[(0, 7.845624e-06), (1, 0.8458981), (2, 4.0112835e-05), (3, 0.15404461), (4, 9.32167e-06)]","[(0, 0.19017781), (1, 9.3102164e-05), (2, 0.31579956), (3, 0.49390984), (4, 1.9708716e-05)]","[(0, 6.1068417e-06), (1, 3.4275545e-05), (2, 3.122285e-05), (3, 3.1017433e-05), (4, 0.9998974)]","[(0, 2.5462214e-05), (1, 0.0001429104), (2, 0.00013018232), (3, 0.99967116), (4, 3.0252579e-05)]","[(0, 1.385601e-05), (1, 7.7768884e-05), (2, 0.8133817), (3, 0.18651024), (4, 1.6462827e-05)]","[(0, 1.8711067e-06), (1, 1.0501861e-05), (2, 9.56653e-06), (3, 0.99997586), (4, 2.2231297e-06)]","[(0, 2.3533295e-05), (1, 0.791319), (2, 0.20850998), (3, 0.000119528624), (4, 2.7960761e-05)]","[(0, 5.544022e-06), (1, 0.02266624), (2, 2.8345285e-05), (3, 0.032695517), (4, 0.94460434)]","[(0, 0.9998014), (1, 6.561084e-05), (2, 5.976732e-05), (3, 5.9374106e-05), (4, 1.3889102e-05)]","[(0, 4.8640823e-06), (1, 0.99993974), (2, 2.4868912e-05), (3, 2.4705298e-05), (4, 5.7791926e-06)]","[(0, 3.3638198e-06), (1, 0.99995834), (2, 1.7198423e-05), (3, 1.7085273e-05), (4, 3.9966762e-06)]"
"[(0, 0.9986791), (1, 0.0013107051), (2, 5.1069895e-07), (3, 3.2638038e-06), (4, 6.4288265e-06)]","[(0, 1.2312439e-06), (1, 0.9999468), (2, 2.603158e-06), (3, 1.663641e-05), (4, 3.276931e-05)]","[(0, 1.0809257e-06), (1, 4.182637e-05), (2, 2.2853476e-06), (3, 0.9999261), (4, 2.8768618e-05)]","[(0, 4.2321884e-07), (1, 0.9999817), (2, 8.947906e-07), (3, 5.7184784e-06), (4, 1.1263884e-05)]","[(0, 9.5096067e-07), (1, 3.6797395e-05), (2, 2.010569e-06), (3, 1.28492575e-05), (4, 0.99994737)]","[(0, 1.4082354e-06), (1, 0.8235358), (2, 2.977362e-06), (3, 0.14825107), (4, 0.028208733)]","[(0, 0.99997073), (1, 1.3982202e-05), (2, 7.6397225e-07), (3, 4.882437e-06), (4, 9.617104e-06)]","[(0, 3.5422866e-07), (1, 0.9999847), (2, 7.489281e-07), (3, 4.786292e-06), (4, 9.427724e-06)]","[(0, 3.8088933e-07), (1, 1.4738503e-05), (2, 8.0529543e-07), (3, 5.1465277e-06), (4, 0.99997896)]","[(0, 0.0014054073), (1, 9.531533e-06), (2, 0.99857515), (3, 3.3283097e-06), (4, 6.555886e-06)]","[(0, 1.981055e-06), (1, 0.87130827), (2, 4.1884464e-06), (3, 2.676776e-05), (4, 0.1286588)]","[(0, 7.590388e-07), (1, 0.9999672), (2, 1.6047981e-06), (3, 1.0256034e-05), (4, 2.0201664e-05)]","[(0, 3.880363e-07), (1, 0.9999832), (2, 8.204059e-07), (3, 5.2430964e-06), (4, 1.0327508e-05)]","[(0, 1.569162e-06), (1, 6.0718674e-05), (2, 3.3176013e-06), (3, 2.1202315e-05), (4, 0.99991316)]","[(0, 1.1009437e-06), (1, 4.2600983e-05), (2, 2.3276705e-06), (3, 1.4875808e-05), (4, 0.9999391)]","[(0, 1.824541e-06), (1, 7.0600596e-05), (2, 3.8575363e-06), (3, 2.4652962e-05), (4, 0.9998991)]","[(0, 2.552351e-06), (1, 0.9998896), (2, 5.396309e-06), (3, 3.4487035e-05), (4, 6.7930305e-05)]","[(0, 1.0313291e-06), (1, 0.18930778), (2, 2.180488e-06), (3, 0.81066155), (4, 2.7448617e-05)]","[(0, 4.898764e-07), (1, 1.8955752e-05), (2, 1.0357213e-06), (3, 0.9999665), (4, 1.303796e-05)]","[(0, 4.218831e-07), (1, 0.00017870362), (2, 0.99980396), (3, 5.70043e-06), (4, 1.1228333e-05)]"
"[(0, 6.0269954e-06), (1, 4.3285836e-06), (2, 6.7278315e-06), (3, 0.9999709), (4, 1.1979074e-05)]","[(0, 5.2790097e-06), (1, 0.1281068), (2, 5.892868e-06), (3, 0.87187153), (4, 1.04924e-05)]","[(0, 4.059915e-06), (1, 2.9158282e-06), (2, 4.532014e-06), (3, 0.9999804), (4, 8.069364e-06)]","[(0, 5.7091447e-06), (1, 4.1003036e-06), (2, 6.3730204e-06), (3, 0.99997246), (4, 1.1347323e-05)]","[(0, 9.375809e-06), (1, 6.733699e-06), (2, 1.0466055e-05), (3, 0.99995476), (4, 1.8635074e-05)]","[(0, 4.7763674e-06), (1, 3.4303837e-06), (2, 5.331777e-06), (3, 0.99997693), (4, 9.493364e-06)]","[(0, 1.0360654e-05), (1, 7.4410145e-06), (2, 1.1565421e-05), (3, 0.99995), (4, 2.0592523e-05)]","[(0, 1.0986306e-05), (1, 0.99235773), (2, 1.2263825e-05), (3, 0.0075971284), (4, 2.183605e-05)]","[(0, 3.8793396e-06), (1, 2.7861386e-06), (2, 4.33044e-06), (3, 0.9999813), (4, 7.710458e-06)]","[(0, 1.4004471e-05), (1, 1.0058001e-05), (2, 1.5632952e-05), (3, 0.9999324), (4, 2.7834863e-05)]","[(0, 6.1517862e-06), (1, 4.4182084e-06), (2, 0.021838881), (3, 0.38031754), (4, 0.59783304)]","[(0, 1.4262334e-05), (1, 1.0243198e-05), (2, 1.59208e-05), (3, 0.9999312), (4, 2.8347384e-05)]","[(0, 6.484303e-06), (1, 4.6570217e-06), (2, 0.99988616), (3, 8.985065e-05), (4, 1.2888005e-05)]","[(0, 0.9997603), (1, 9.85451e-06), (2, 1.531667e-05), (3, 0.00018721375), (4, 2.7271715e-05)]","[(0, 6.3539683e-06), (1, 4.5634156e-06), (2, 7.092826e-06), (3, 0.99996936), (4, 1.2628955e-05)]","[(0, 5.3075278e-06), (1, 3.8118624e-06), (2, 5.9247022e-06), (3, 0.0013453577), (4, 0.9986396)]","[(0, 8.849605e-06), (1, 6.3557804e-06), (2, 9.878663e-06), (3, 0.9999573), (4, 1.758921e-05)]","[(0, 8.625712e-06), (1, 6.19498e-06), (2, 9.628735e-06), (3, 0.9999584), (4, 1.7144204e-05)]","[(0, 9.936376e-06), (1, 7.1362974e-06), (2, 1.1091805e-05), (3, 0.9999521), (4, 1.9749239e-05)]","[(0, 7.43481e-06), (1, 5.3396748e-06), (2, 8.299351e-06), (3, 9.7330936e-05), (4, 0.9998816)]"
"[(0, 7.265168e-05), (1, 7.38251e-05), (2, 6.474924e-05), (3, 0.9996985), (4, 9.023364e-05)]","[(0, 0.0006182591), (1, 0.92743486), (2, 0.00048485975), (3, 0.0317161), (4, 0.039745945)]","[(0, 5.6160083e-05), (1, 0.99976724), (2, 5.0387458e-05), (3, 5.9095466e-05), (4, 6.714901e-05)]","[(0, 5.2259777e-05), (1, 5.3506854e-05), (2, 4.7543956e-05), (3, 5.761326e-05), (4, 0.99978906)]","[(0, 9.830613e-05), (1, 9.642965e-05), (2, 8.535632e-05), (3, 0.99960124), (4, 0.00011865795)]","[(0, 0.0002423984), (1, 0.000262865), (2, 0.00021333632), (3, 0.7670026), (4, 0.23227881)]","[(0, 0.0005356278), (1, 0.0005353505), (2, 0.00048580545), (3, 0.40688795), (4, 0.59155524)]","[(0, 0.000105809355), (1, 0.00010423235), (2, 9.4702824e-05), (3, 0.9995657), (4, 0.00012953709)]","[(0, 0.0002685666), (1, 0.00025805456), (2, 0.00023997076), (3, 0.029321916), (4, 0.96991146)]","[(0, 0.9960747), (1, 0.00092712056), (2, 0.0008204714), (3, 0.0010526329), (4, 0.001125102)]","[(0, 0.9991276), (1, 0.00018540255), (2, 0.00016076543), (3, 0.00019577087), (4, 0.00033047103)]","[(0, 7.209042e-05), (1, 6.3739106e-05), (2, 5.604493e-05), (3, 6.8615285e-05), (4, 0.9997395)]","[(0, 0.00016275747), (1, 0.00016214186), (2, 0.00014480992), (3, 0.00016914553), (4, 0.99936116)]","[(0, 0.00011669875), (1, 0.000115674964), (2, 0.00010402542), (3, 0.00013568076), (4, 0.9995279)]","[(0, 5.5612018e-05), (1, 5.5934477e-05), (2, 5.022025e-05), (3, 5.9308783e-05), (4, 0.9997789)]","[(0, 0.00028342695), (1, 0.000279167), (2, 0.00025607328), (3, 0.077410236), (4, 0.92177105)]","[(0, 0.0003362097), (1, 0.00029912504), (2, 0.00026575557), (3, 0.00088879524), (4, 0.99821013)]","[(0, 7.589095e-05), (1, 7.776342e-05), (2, 6.985099e-05), (3, 8.202399e-05), (4, 0.99969447)]","[(0, 0.9953997), (1, 0.0010599265), (2, 0.00092955085), (3, 0.0012675964), (4, 0.0013432257)]","[(0, 0.00011557064), (1, 0.00011201178), (2, 0.00010002905), (3, 0.000117588446), (4, 0.99955475)]"
"[(0, 4.1764826e-05), (1, 8.531059e-05), (2, 0.99979365), (3, 1.4297684e-05), (4, 6.49486e-05)]","[(0, 0.03666743), (1, 0.86974996), (2, 0.093440354), (3, 2.567314e-05), (4, 0.00011662268)]","[(0, 4.201138e-05), (1, 8.581474e-05), (2, 0.99979246), (3, 1.438209e-05), (4, 6.533201e-05)]","[(0, 0.9202261), (1, 0.062476065), (2, 0.017247587), (3, 9.058217e-06), (4, 4.1147836e-05)]","[(0, 4.388629e-05), (1, 0.46444312), (2, 0.5354297), (3, 1.5023943e-05), (4, 6.8247704e-05)]","[(0, 4.435086e-05), (1, 0.3285576), (2, 0.00012405298), (3, 1.5182983e-05), (4, 0.6712588)]","[(0, 3.3000906e-05), (1, 6.740966e-05), (2, 0.999837), (3, 1.1297462e-05), (4, 5.1319836e-05)]","[(0, 9.580552e-06), (1, 1.9569938e-05), (2, 0.9999527), (3, 3.2797864e-06), (4, 1.4898741e-05)]","[(0, 5.1273724e-05), (1, 0.99970806), (2, 0.00014336032), (3, 1.755294e-05), (4, 7.9735866e-05)]","[(0, 2.145734e-05), (1, 4.383051e-05), (2, 6.002818e-05), (3, 7.3456613e-06), (4, 0.9998673)]","[(0, 1.3041715e-05), (1, 2.663949e-05), (2, 3.647029e-05), (3, 4.464674e-06), (4, 0.9999194)]","[(0, 1.4484945e-05), (1, 0.9999175), (2, 4.0516275e-05), (3, 4.958746e-06), (4, 2.2525579e-05)]","[(0, 0.99981105), (1, 5.729862e-05), (2, 7.842264e-05), (3, 9.603168e-06), (4, 4.3623262e-05)]","[(0, 3.108743e-05), (1, 6.350068e-05), (2, 8.694494e-05), (3, 1.0642407e-05), (4, 0.99980783)]","[(0, 5.048546e-05), (1, 0.00010312478), (2, 0.9997506), (3, 1.728309e-05), (4, 7.851005e-05)]","[(0, 3.6786896e-05), (1, 0.99979043), (2, 0.00010291632), (3, 1.259355e-05), (4, 5.720741e-05)]","[(0, 6.008869e-05), (1, 0.00012273961), (2, 0.99970317), (3, 2.0570638e-05), (4, 9.344408e-05)]","[(0, 1.4682958e-05), (1, 0.0074470257), (2, 0.16951299), (3, 5.0265335e-06), (4, 0.8230203)]","[(0, 3.720049e-05), (1, 7.5986805e-05), (2, 0.000104006), (3, 0.999725), (4, 5.7850535e-05)]","[(0, 1.6307235e-05), (1, 3.331042e-05), (2, 0.9999194), (3, 5.5825853e-06), (4, 2.5359433e-05)]"
"[(0, 6.5486245e-05), (1, 1.9923124e-05), (2, 4.2728043e-05), (3, 3.4627803e-05), (4, 0.9998373)]","[(0, 1.1022086e-05), (1, 3.3532904e-06), (2, 0.9999724), (3, 5.8282567e-06), (4, 7.3845895e-06)]","[(0, 0.00040065596), (1, 0.00012189305), (2, 0.00026141742), (3, 0.00021185877), (4, 0.9990042)]","[(0, 5.8236463e-05), (1, 1.7717495e-05), (2, 3.7997754e-05), (3, 3.0794265e-05), (4, 0.9998552)]","[(0, 0.9998428), (1, 2.2187587e-05), (2, 4.7584515e-05), (3, 3.85636e-05), (4, 4.886133e-05)]","[(0, 0.6828704), (1, 5.5138877e-05), (2, 0.31685725), (3, 9.583528e-05), (4, 0.000121426405)]","[(0, 6.6849905e-05), (1, 2.0337995e-05), (2, 4.3617798e-05), (3, 3.534888e-05), (4, 0.9998339)]","[(0, 7.309199e-05), (1, 2.2237049e-05), (2, 4.7690595e-05), (3, 0.999808), (4, 4.8970254e-05)]","[(0, 4.3543892e-05), (1, 1.324752e-05), (2, 0.999891), (3, 2.302513e-05), (4, 2.9173583e-05)]","[(0, 0.000136508), (1, 4.1530333e-05), (2, 8.906786e-05), (3, 0.9996414), (4, 9.145777e-05)]","[(0, 0.00011624612), (1, 3.536599e-05), (2, 7.584752e-05), (3, 6.14686e-05), (4, 0.9997111)]","[(0, 0.00011024261), (1, 0.9996857), (2, 7.193039e-05), (3, 5.8294067e-05), (4, 7.3860465e-05)]","[(0, 5.8128244e-05), (1, 0.99983424), (2, 3.7927144e-05), (3, 3.0737043e-05), (4, 3.8944825e-05)]","[(0, 0.99991876), (1, 1.1473212e-05), (2, 2.4605975e-05), (3, 1.9941257e-05), (4, 2.5266216e-05)]","[(0, 0.00013950282), (1, 4.244146e-05), (2, 0.99965084), (3, 7.376627e-05), (4, 9.346425e-05)]","[(0, 0.9999129), (1, 1.2296491e-05), (2, 2.6371617e-05), (3, 2.1372174e-05), (4, 2.7079235e-05)]","[(0, 0.99922353), (1, 0.00010959473), (2, 0.00023504188), (3, 0.00019048342), (4, 0.00024134864)]","[(0, 0.00011540449), (1, 3.5109937e-05), (2, 0.22650257), (3, 0.7732696), (4, 7.731882e-05)]","[(0, 0.00010450493), (1, 3.1793923e-05), (2, 6.81867e-05), (3, 0.9997255), (4, 7.001633e-05)]","[(0, 0.9998938), (1, 1.4997302e-05), (2, 3.21639e-05), (3, 2.6066375e-05), (4, 3.302694e-05)]"
"[(0, 0.08499075), (1, 4.574341e-05), (2, 6.437436e-05), (3, 7.8038036e-05), (4, 0.9148211)]","[(0, 0.99995947), (1, 7.6980705e-06), (2, 1.0833438e-05), (3, 1.3132871e-05), (4, 8.811697e-06)]","[(0, 5.3711574e-05), (1, 4.0678588e-05), (2, 5.724668e-05), (3, 0.9998018), (4, 4.656328e-05)]","[(0, 4.694701e-06), (1, 3.555543e-06), (2, 0.99998164), (3, 6.065739e-06), (4, 4.0698988e-06)]","[(0, 5.3645108e-05), (1, 4.062825e-05), (2, 0.7727714), (3, 0.22708786), (4, 4.6505655e-05)]","[(0, 0.00010169441), (1, 7.70185e-05), (2, 0.79921275), (3, 0.2005204), (4, 8.816023e-05)]","[(0, 5.0336697e-05), (1, 3.8122616e-05), (2, 5.364968e-05), (3, 0.9998143), (4, 4.3637552e-05)]","[(0, 0.7869633), (1, 0.00027970155), (2, 0.00039362194), (3, 0.21204321), (4, 0.00032016402)]","[(0, 0.9998515), (1, 2.8229102e-05), (2, 3.972661e-05), (3, 4.8158712e-05), (4, 3.231281e-05)]","[(0, 1.3285401e-05), (1, 0.99994385), (2, 1.4159799e-05), (3, 1.7165263e-05), (4, 1.1517291e-05)]","[(0, 6.1650186e-05), (1, 0.9997396), (2, 6.5707776e-05), (3, 7.965447e-05), (4, 5.3445365e-05)]","[(0, 6.5405616e-06), (1, 0.99997234), (2, 6.971038e-06), (3, 8.450664e-06), (4, 5.6700997e-06)]","[(0, 6.708996e-06), (1, 5.081074e-06), (2, 7.1505583e-06), (3, 0.9999752), (4, 5.8161177e-06)]","[(0, 1.2304185e-05), (1, 9.318604e-06), (2, 0.9999518), (3, 1.5897493e-05), (4, 1.0666661e-05)]","[(0, 3.1660264e-05), (1, 2.3977975e-05), (2, 0.66126996), (3, 4.090631e-05), (4, 0.33863348)]","[(0, 0.99986976), (1, 2.4767685e-05), (2, 3.485538e-05), (3, 4.2253552e-05), (4, 2.8350654e-05)]","[(0, 0.9997322), (1, 5.0934064e-05), (2, 7.167913e-05), (3, 8.689326e-05), (4, 5.8302343e-05)]","[(0, 1.1440978e-05), (1, 8.6648515e-06), (2, 1.2193982e-05), (3, 0.9999578), (4, 9.918335e-06)]","[(0, 0.05959002), (1, 2.6346503e-05), (2, 3.707724e-05), (3, 4.4947006e-05), (4, 0.94030166)]","[(0, 3.301746e-06), (1, 2.5005852e-06), (2, 3.519055e-06), (3, 4.2659863e-06), (4, 0.99998635)]"
"[(0, 0.9994896), (1, 0.00015177025), (2, 0.0001303901), (3, 0.00010566728), (4, 0.00012255787)]","[(0, 0.07669998), (1, 0.9228187), (2, 0.00018848306), (3, 0.00013923016), (4, 0.0001536345)]","[(0, 0.9984529), (1, 0.0013544675), (2, 7.4418e-05), (3, 5.598007e-05), (4, 6.224334e-05)]","[(0, 0.00012128647), (1, 0.99963295), (2, 9.042709e-05), (3, 7.4354495e-05), (4, 8.100744e-05)]","[(0, 0.00016621822), (1, 0.00018073578), (2, 0.9993854), (3, 0.00012615058), (4, 0.00014149839)]","[(0, 0.00015450103), (1, 0.0001648123), (2, 0.00014417034), (3, 0.00012235701), (4, 0.9994142)]","[(0, 9.5732576e-05), (1, 0.99965966), (2, 9.163216e-05), (3, 7.3775635e-05), (4, 7.921029e-05)]","[(0, 0.00012915992), (1, 0.9995278), (2, 0.00012104989), (3, 0.000101743564), (4, 0.00012021724)]","[(0, 0.00018479826), (1, 0.99937266), (2, 0.00016214307), (3, 0.00013243301), (4, 0.00014802026)]","[(0, 0.19044377), (1, 0.80938447), (2, 6.7013694e-05), (3, 5.0385035e-05), (4, 5.4329605e-05)]","[(0, 0.0022037232), (1, 0.99743325), (2, 0.00013298893), (3, 0.00010964744), (4, 0.00012040241)]","[(0, 0.0006548877), (1, 0.06722337), (2, 0.00059245754), (3, 0.00044488593), (4, 0.9310844)]","[(0, 0.00024638302), (1, 0.00026244603), (2, 0.99909604), (3, 0.00018808157), (4, 0.00020706085)]","[(0, 0.99980897), (1, 5.7404493e-05), (2, 4.831028e-05), (3, 4.1263964e-05), (4, 4.4024036e-05)]","[(0, 6.46635e-05), (1, 0.9997755), (2, 5.6875564e-05), (3, 4.9000868e-05), (4, 5.3942375e-05)]","[(0, 0.0003792891), (1, 0.9729707), (2, 0.026083687), (3, 0.00026920732), (4, 0.00029705928)]","[(0, 0.9979385), (1, 0.0018904316), (2, 6.263867e-05), (3, 5.101794e-05), (4, 5.7382284e-05)]","[(0, 0.00015116665), (1, 0.99943614), (2, 0.00014545937), (3, 0.00011828662), (4, 0.00014892765)]","[(0, 0.0004910609), (1, 0.026141046), (2, 0.97261757), (3, 0.00034812762), (4, 0.00040218775)]","[(0, 0.0002549541), (1, 0.00026099343), (2, 0.99910074), (3, 0.0001870066), (4, 0.0001962713)]"
"[(0, 0.00010926565), (1, 0.00023039905), (2, 3.0016748e-05), (3, 1.2260641e-05), (4, 0.99961805)]","[(0, 2.0772832e-05), (1, 0.99994653), (2, 5.7063153e-06), (3, 2.3308016e-06), (4, 2.4593357e-05)]","[(0, 1.966712e-05), (1, 0.9999495), (2, 5.402914e-06), (3, 2.2068743e-06), (4, 2.328317e-05)]","[(0, 8.4343694e-05), (1, 0.00017642874), (2, 0.9996299), (3, 9.464322e-06), (4, 9.9838675e-05)]","[(0, 2.5739251e-05), (1, 5.4295208e-05), (2, 7.070726e-06), (3, 2.8881088e-06), (4, 0.99991006)]","[(0, 1.7438339e-05), (1, 0.04807881), (2, 4.790523e-06), (3, 1.956737e-06), (4, 0.95189697)]","[(0, 0.8901547), (1, 0.10964931), (2, 3.4280678e-05), (3, 1.4002285e-05), (4, 0.00014774775)]","[(0, 2.839838e-05), (1, 0.999927), (2, 7.8015155e-06), (3, 3.186607e-06), (4, 3.36193e-05)]","[(0, 0.8176635), (1, 0.006978949), (2, 1.2412962e-05), (3, 5.0701983e-06), (4, 0.17534007)]","[(0, 4.8230042e-05), (1, 0.999876), (2, 1.3248906e-05), (3, 5.411648e-06), (4, 5.710162e-05)]","[(0, 8.65605e-05), (1, 0.9997775), (2, 2.37779e-05), (3, 9.712321e-06), (4, 0.000102471226)]","[(0, 9.702344e-05), (1, 0.995292), (2, 2.6652193e-05), (3, 1.0886355e-05), (4, 0.004573472)]","[(0, 8.186191e-05), (1, 0.99978954), (2, 2.2487791e-05), (3, 9.1853635e-06), (4, 9.691592e-05)]","[(0, 5.19134e-05), (1, 0.0009817322), (2, 1.4260658e-05), (3, 5.8249084e-06), (4, 0.99894625)]","[(0, 2.9943007e-05), (1, 0.99992305), (2, 8.2253855e-06), (3, 3.3597412e-06), (4, 3.544737e-05)]","[(0, 0.0578558), (1, 0.94196707), (2, 3.0981908e-05), (3, 1.265487e-05), (4, 0.00013352542)]","[(0, 0.9352368), (1, 0.06462872), (2, 2.351404e-05), (3, 9.604544e-06), (4, 0.00010134074)]","[(0, 0.9999446), (1, 3.1665037e-05), (2, 4.1422204e-06), (3, 1.6919314e-06), (4, 1.7848732e-05)]","[(0, 2.7246884e-05), (1, 5.7562775e-05), (2, 7.4847862e-06), (3, 3.0572357e-06), (4, 0.99990463)]","[(0, 0.4918637), (1, 0.3594584), (2, 1.6258247e-05), (3, 6.6408434e-06), (4, 0.148655)]"
"[(0, 9.047872e-06), (1, 2.695807e-05), (2, 0.9999028), (3, 3.3307973e-05), (4, 2.7949889e-05)]","[(0, 6.702327e-06), (1, 1.9969535e-05), (2, 0.99992794), (3, 2.4673309e-05), (4, 2.070424e-05)]","[(0, 6.783347e-06), (1, 0.9999113), (2, 3.604498e-05), (3, 2.497157e-05), (4, 2.0954518e-05)]","[(0, 4.7008734e-06), (1, 1.4006218e-05), (2, 0.99994946), (3, 1.730535e-05), (4, 1.45215245e-05)]","[(0, 5.9214303e-06), (1, 1.7642858e-05), (2, 3.1463966e-05), (3, 0.9999267), (4, 1.8291961e-05)]","[(0, 7.6195015e-06), (1, 0.9992762), (2, 0.00066454563), (3, 2.8049706e-05), (4, 2.3537494e-05)]","[(0, 4.771302e-06), (1, 1.421606e-05), (2, 0.99994874), (3, 1.756462e-05), (4, 1.4739086e-05)]","[(0, 2.1394264e-05), (1, 6.374405e-05), (2, 0.00011367727), (3, 7.875878e-05), (4, 0.9997224)]","[(0, 5.1592113e-05), (1, 0.00015371833), (2, 0.00027414842), (3, 0.43206456), (4, 0.56745595)]","[(0, 3.6644162e-06), (1, 1.0918102e-05), (2, 0.99996054), (3, 1.3489837e-05), (4, 1.1319792e-05)]","[(0, 4.963184e-06), (1, 1.4787771e-05), (2, 2.6371834e-05), (3, 1.8270992e-05), (4, 0.99993557)]","[(0, 4.9379236e-05), (1, 0.00014712507), (2, 0.0002623864), (3, 0.7141635), (4, 0.2853776)]","[(0, 0.9090839), (1, 4.2459164e-05), (2, 0.0907772), (3, 5.2460313e-05), (4, 4.4021286e-05)]","[(0, 2.8489621e-05), (1, 0.40566444), (2, 0.00015138197), (3, 0.59406763), (4, 8.800764e-05)]","[(0, 6.6563507e-06), (1, 1.983255e-05), (2, 0.9999285), (3, 2.4504072e-05), (4, 2.0562215e-05)]","[(0, 1.378541e-05), (1, 0.99981964), (2, 7.325374e-05), (3, 5.07483e-05), (4, 4.258468e-05)]","[(0, 6.377114e-05), (1, 0.2814461), (2, 0.00033885552), (3, 0.7179543), (4, 0.0001969962)]","[(0, 2.0311878e-05), (1, 6.0519094e-05), (2, 0.000107930435), (3, 0.99974847), (4, 6.2745676e-05)]","[(0, 6.0418504e-05), (1, 0.0001800165), (2, 0.0261594), (3, 0.00022241905), (4, 0.9733777)]","[(0, 2.921761e-05), (1, 8.705366e-05), (2, 0.899198), (3, 0.08912532), (4, 0.011560395)]"
"[(0, 0.3392128), (1, 1.1338254e-05), (2, 1.3308737e-05), (3, 0.6607582), (4, 4.342689e-06)]","[(0, 0.42105058), (1, 2.0888747e-05), (2, 0.5788901), (3, 3.0423489e-05), (4, 8.000644e-06)]","[(0, 0.99995214), (1, 1.19283695e-05), (2, 1.4001409e-05), (3, 1.7373119e-05), (4, 4.5687107e-06)]","[(0, 0.9999452), (1, 1.364954e-05), (2, 1.6021702e-05), (3, 1.987992e-05), (4, 5.2279397e-06)]","[(0, 5.0583385e-05), (1, 1.5834878e-05), (2, 1.8586832e-05), (3, 0.9999089), (4, 6.0649504e-06)]","[(0, 0.99966025), (1, 8.4658896e-05), (2, 9.937182e-05), (3, 0.00012330175), (4, 3.2425385e-05)]","[(0, 3.7835074e-05), (1, 1.1829573e-05), (2, 1.3885443e-05), (3, 1.7229222e-05), (4, 0.99991924)]","[(0, 4.689156e-05), (1, 1.46779485e-05), (2, 1.7228838e-05), (3, 0.9999156), (4, 5.6218323e-06)]","[(0, 0.0001151831), (1, 3.5999958e-05), (2, 0.99978256), (3, 5.243227e-05), (4, 1.3788422e-05)]","[(0, 0.9999877), (1, 3.0568779e-06), (2, 3.5881346e-06), (3, 4.4522008e-06), (4, 1.1708213e-06)]","[(0, 0.999891), (1, 2.7150973e-05), (2, 3.1869557e-05), (3, 3.9544142e-05), (4, 1.0399152e-05)]","[(0, 0.5887853), (1, 5.6686513e-05), (2, 6.65381e-05), (3, 0.4110698), (4, 2.1711623e-05)]","[(0, 0.16241752), (1, 0.8374837), (2, 3.8489707e-05), (3, 4.7758494e-05), (4, 1.2559331e-05)]","[(0, 0.00015361325), (1, 4.802184e-05), (2, 0.99971), (3, 6.994158e-05), (4, 1.839295e-05)]","[(0, 0.00021587523), (1, 6.7470115e-05), (2, 7.9195794e-05), (3, 0.99961156), (4, 2.5841875e-05)]","[(0, 6.299921e-05), (1, 0.9998776), (2, 2.313953e-05), (3, 2.871181e-05), (4, 7.5505122e-06)]","[(0, 0.9999468), (1, 1.32649975e-05), (2, 1.5570331e-05), (3, 1.931986e-05), (4, 5.0806552e-06)]","[(0, 0.99996656), (1, 8.3414825e-06), (2, 9.791154e-06), (3, 1.2148983e-05), (4, 3.1948891e-06)]","[(0, 4.9900227e-05), (1, 0.9999031), (2, 1.833162e-05), (3, 2.2746099e-05), (4, 5.9816743e-06)]","[(0, 0.00015900828), (1, 4.9694176e-05), (2, 0.9996999), (3, 7.237726e-05), (4, 1.9033472e-05)]"
"[(0, 3.7111e-06), (1, 2.612271e-06), (2, 5.407662e-06), (3, 0.9999806), (4, 7.670681e-06)]","[(0, 7.5738435e-06), (1, 5.3312847e-06), (2, 0.9999666), (3, 4.8484294e-06), (4, 1.5654803e-05)]","[(0, 6.97683e-06), (1, 0.999964), (2, 1.0166349e-05), (3, 4.4662484e-06), (4, 1.44208025e-05)]","[(0, 2.2830254e-06), (1, 0.9999882), (2, 3.3267306e-06), (3, 1.4614889e-06), (4, 4.7189137e-06)]","[(0, 2.4453546e-05), (1, 1.7213033e-05), (2, 3.56327e-05), (3, 0.11472862), (4, 0.8851941)]","[(0, 0.9999526), (1, 6.848161e-06), (2, 1.4176378e-05), (3, 6.2279214e-06), (4, 2.0108964e-05)]","[(0, 6.60948e-06), (1, 4.6524624e-06), (2, 9.631061e-06), (3, 4.2310876e-06), (4, 0.9999749)]","[(0, 0.8345174), (1, 0.15675949), (2, 1.4353317e-05), (3, 0.008688419), (4, 2.0359948e-05)]","[(0, 0.99997604), (1, 3.459663e-06), (2, 7.1618483e-06), (3, 3.1463208e-06), (4, 1.0158967e-05)]","[(0, 1.3754254e-05), (1, 0.5730557), (2, 2.0042133e-05), (3, 8.804846e-06), (4, 0.42690176)]","[(0, 1.4462627e-05), (1, 1.0180352e-05), (2, 0.9999362), (3, 9.258315e-06), (4, 2.989362e-05)]","[(0, 1.1835741e-05), (1, 8.331267e-06), (2, 1.7246555e-05), (3, 7.576702e-06), (4, 0.999955)]","[(0, 6.7786896e-06), (1, 4.7715703e-06), (2, 9.877627e-06), (3, 4.339408e-06), (4, 0.99997425)]","[(0, 1.2007161e-05), (1, 8.45193e-06), (2, 0.9999471), (3, 7.686437e-06), (4, 2.4818277e-05)]","[(0, 0.99981034), (1, 2.7424585e-05), (2, 5.677163e-05), (3, 2.4940735e-05), (4, 8.0529644e-05)]","[(0, 1.1290072e-05), (1, 7.947166e-06), (2, 1.6451428e-05), (3, 7.2273892e-06), (4, 0.9999571)]","[(0, 1.2106794e-05), (1, 8.522063e-06), (2, 0.9999466), (3, 7.750217e-06), (4, 2.5024214e-05)]","[(0, 3.835612e-06), (1, 2.699916e-06), (2, 0.999983), (3, 2.455384e-06), (4, 7.928043e-06)]","[(0, 1.1899457e-05), (1, 8.376116e-06), (2, 1.7339398e-05), (3, 0.9999378), (4, 2.4595656e-05)]","[(0, 2.2360605e-06), (1, 1.5739797e-06), (2, 3.2582952e-06), (3, 0.9999883), (4, 4.6218397e-06)]"
"[(0, 7.612675e-06), (1, 8.3317456e-05), (2, 6.13695e-05), (3, 8.341845e-05), (4, 0.99976426)]","[(0, 3.5394453e-06), (1, 3.8737708e-05), (2, 2.8533203e-05), (3, 3.8784652e-05), (4, 0.9998904)]","[(0, 9.607462e-06), (1, 0.99966735), (2, 7.745045e-05), (3, 0.00010527696), (4, 0.00014033819)]","[(0, 7.951985e-06), (1, 0.82422316), (2, 6.410485e-05), (3, 8.713655e-05), (4, 0.17561767)]","[(0, 9.22334e-06), (1, 0.000100945486), (2, 0.999654), (3, 0.00010106783), (4, 0.00013472843)]","[(0, 4.937415e-06), (1, 5.4037882e-05), (2, 3.9802922e-05), (3, 0.99982905), (4, 7.2121635e-05)]","[(0, 3.895162e-06), (1, 4.2630872e-05), (2, 0.9998539), (3, 4.2682535e-05), (4, 5.689726e-05)]","[(0, 1.2518116e-05), (1, 0.00013700538), (2, 0.000100914665), (3, 0.00013717145), (4, 0.9996124)]","[(0, 6.9183793e-06), (1, 7.5718686e-05), (2, 5.5772445e-05), (3, 7.581044e-05), (4, 0.9997858)]","[(0, 2.3736366e-05), (1, 0.4968607), (2, 0.24610722), (3, 0.0002600992), (4, 0.25674826)]","[(0, 5.0136214e-06), (1, 5.487192e-05), (2, 4.0417257e-05), (3, 0.99982643), (4, 7.323487e-05)]","[(0, 1.0935395e-05), (1, 0.00011968319), (2, 0.56845754), (3, 0.4312521), (4, 0.00015973567)]","[(0, 8.911265e-06), (1, 9.752995e-05), (2, 7.183807e-05), (3, 0.99969155), (4, 0.00013016818)]","[(0, 3.5209672e-05), (1, 0.3868215), (2, 0.0002838424), (3, 0.61234516), (4, 0.000514315)]","[(0, 2.9252273e-05), (1, 0.00032015351), (2, 0.0002358169), (3, 0.00032054167), (4, 0.99909425)]","[(0, 1.8880202e-05), (1, 0.00020663565), (2, 0.00015220256), (3, 0.00020688609), (4, 0.9994154)]","[(0, 5.4210627e-06), (1, 0.9998123), (2, 4.3701846e-05), (3, 5.9403104e-05), (4, 7.9186066e-05)]","[(0, 8.309407e-06), (1, 9.0942885e-05), (2, 6.6986206e-05), (3, 0.9997124), (4, 0.00012137707)]","[(0, 2.4469227e-05), (1, 0.00026780515), (2, 0.00019725843), (3, 0.0002681297), (4, 0.99924237)]","[(0, 5.7834027e-06), (1, 0.9997998), (2, 4.6622845e-05), (3, 6.337356e-05), (4, 8.447892e-05)]"
"[(0, 1.8555991e-05), (1, 7.716245e-06), (2, 0.6779406), (3, 6.0813185e-05), (4, 0.32197234)]","[(0, 1.5309985e-05), (1, 0.9998211), (2, 5.9828188e-05), (3, 5.0173312e-05), (4, 5.353107e-05)]","[(0, 1.5961456e-05), (1, 6.637344e-06), (2, 6.236441e-05), (3, 0.9453812), (4, 0.054533806)]","[(0, 0.017694728), (1, 1.1015566e-05), (2, 0.9693925), (3, 0.012809125), (4, 9.2644346e-05)]","[(0, 0.99981076), (1, 7.095048e-06), (2, 6.6640365e-05), (3, 5.590391e-05), (4, 5.966364e-05)]","[(0, 7.117717e-06), (1, 2.9598011e-06), (2, 0.9999417), (3, 2.3320574e-05), (4, 2.4883318e-05)]","[(0, 0.9839971), (1, 1.4109807e-05), (2, 0.00013257349), (3, 0.015737562), (4, 0.000118672404)]","[(0, 7.883226e-06), (1, 3.2781272e-06), (2, 3.079838e-05), (3, 2.5832307e-05), (4, 0.99993217)]","[(0, 6.132027e-06), (1, 2.5499162e-06), (2, 2.3956538e-05), (3, 0.9999459), (4, 2.1453878e-05)]","[(0, 2.941731e-05), (1, 1.2232769e-05), (2, 0.999759), (3, 9.637981e-05), (4, 0.000102907274)]","[(0, 4.4561034e-06), (1, 1.8530072e-06), (2, 0.9999635), (3, 1.4601793e-05), (4, 1.5584168e-05)]","[(0, 1.7159506e-05), (1, 7.135536e-06), (2, 6.702627e-05), (3, 0.99984866), (4, 6.0019407e-05)]","[(0, 4.0254868e-06), (1, 1.6739414e-06), (2, 1.5717816e-05), (3, 1.3189593e-05), (4, 0.99996537)]","[(0, 5.3690123e-06), (1, 2.2326271e-06), (2, 0.93433553), (3, 1.7594884e-05), (4, 0.06563926)]","[(0, 7.2684475e-06), (1, 3.0224803e-06), (2, 0.99994045), (3, 2.381901e-05), (4, 2.5406622e-05)]","[(0, 1.09801185e-05), (1, 4.565926e-06), (2, 4.2881893e-05), (3, 0.99990314), (4, 3.838483e-05)]","[(0, 3.390929e-05), (1, 1.4100696e-05), (2, 0.00013253573), (3, 0.99970084), (4, 0.00011862655)]","[(0, 2.63141e-05), (1, 1.0942344e-05), (2, 0.000102906764), (3, 8.62448e-05), (4, 0.99977356)]","[(0, 1.2019927e-05), (1, 4.9983155e-06), (2, 4.6966925e-05), (3, 3.9382936e-05), (4, 0.99989665)]","[(0, 2.4753801e-05), (1, 1.02935155e-05), (2, 0.14511304), (3, 0.43575343), (4, 0.4190985)]"
"[(0, 1.620079e-05), (1, 0.9999594), (2, 1.8204202e-05), (3, 3.001006e-06), (4, 3.2216149e-06)]","[(0, 0.3520364), (1, 0.0001059747), (2, 0.647821), (3, 1.7669037e-05), (4, 1.8967918e-05)]","[(0, 5.4101743e-05), (1, 6.0106464e-05), (2, 0.999865), (3, 1.0021818e-05), (4, 1.0758537e-05)]","[(0, 0.40741074), (1, 0.5925188), (2, 5.251503e-05), (3, 8.65688e-06), (4, 9.293261e-06)]","[(0, 8.749075e-05), (1, 0.17759152), (2, 0.8222874), (3, 1.6206759e-05), (4, 1.7398144e-05)]","[(0, 8.396957e-05), (1, 9.329082e-05), (2, 0.9997905), (3, 1.5554506e-05), (4, 1.6697944e-05)]","[(0, 0.98943925), (1, 0.0105085075), (2, 3.8961713e-05), (3, 6.4227743e-06), (4, 6.8949225e-06)]","[(0, 0.00066655036), (1, 6.2485284e-05), (2, 0.9992494), (3, 1.041792e-05), (4, 1.1183757e-05)]","[(0, 0.033542268), (1, 0.9661618), (2, 0.00022055254), (3, 3.6356654e-05), (4, 3.902929e-05)]","[(0, 0.99976027), (1, 0.00010170708), (2, 0.00010286616), (3, 1.6957521e-05), (4, 1.8204097e-05)]","[(0, 3.1552194e-05), (1, 3.505502e-05), (2, 3.5454028e-05), (3, 5.844675e-06), (4, 0.9998921)]","[(0, 2.728979e-05), (1, 3.0318966e-05), (2, 3.0664654e-05), (3, 0.9999063), (4, 5.426735e-06)]","[(0, 0.89177966), (1, 5.8008038e-05), (2, 0.10814229), (3, 9.671387e-06), (4, 1.0382346e-05)]","[(0, 7.6701726e-05), (1, 0.3095395), (2, 0.6903543), (3, 1.4208207e-05), (4, 1.5252676e-05)]","[(0, 0.9999322), (1, 2.8747729e-05), (2, 2.9075032e-05), (3, 4.793139e-06), (4, 5.1454904e-06)]","[(0, 6.462313e-05), (1, 7.17962e-05), (2, 0.99983877), (3, 1.1970733e-05), (4, 1.2850721e-05)]","[(0, 3.25864e-05), (1, 0.9999183), (2, 3.6615198e-05), (3, 6.0362668e-06), (4, 6.4800024e-06)]","[(0, 2.697205e-05), (1, 0.99993235), (2, 3.0306186e-05), (3, 4.9962714e-06), (4, 5.363556e-06)]","[(0, 0.9999085), (1, 3.8837778e-05), (2, 3.928082e-05), (3, 6.475586e-06), (4, 6.951617e-06)]","[(0, 6.837539e-05), (1, 0.4572167), (2, 0.5426886), (3, 1.2665838e-05), (4, 1.3596924e-05)]"
"[(0, 3.4895013e-06), (1, 1.6239295e-05), (2, 0.005279907), (3, 0.9946797), (4, 2.0645284e-05)]","[(0, 1.6513214e-06), (1, 0.0008239337), (2, 0.9991472), (3, 1.7447177e-05), (4, 9.769959e-06)]","[(0, 1.4673336e-05), (1, 6.828593e-05), (2, 0.0002323172), (3, 0.00015493965), (4, 0.9995298)]","[(0, 2.5847626e-06), (1, 1.2028854e-05), (2, 0.8649021), (3, 0.13506806), (4, 1.5292122e-05)]","[(0, 1.0749397e-05), (1, 0.0034690346), (2, 0.22956246), (3, 0.014760604), (4, 0.75219715)]","[(0, 8.063285e-06), (1, 3.752454e-05), (2, 0.9989583), (3, 0.0009484225), (4, 4.7703084e-05)]","[(0, 2.3599853e-06), (1, 1.09827815e-05), (2, 3.770385e-05), (3, 2.4883204e-05), (4, 0.99992406)]","[(0, 8.1505295e-06), (1, 0.22777148), (2, 0.16957937), (3, 0.08804403), (4, 0.514597)]","[(0, 4.0210202e-06), (1, 1.8712853e-05), (2, 0.0010920165), (3, 0.99886143), (4, 2.3789265e-05)]","[(0, 2.3168816e-06), (1, 1.0782211e-05), (2, 0.009004816), (3, 0.99096835), (4, 1.3707104e-05)]","[(0, 1.0432527e-05), (1, 4.855043e-05), (2, 0.6620895), (3, 0.33778977), (4, 6.172147e-05)]","[(0, 1.5404555e-06), (1, 0.99636877), (2, 0.0036042565), (3, 1.6309039e-05), (4, 9.113798e-06)]","[(0, 1.43171155e-05), (1, 6.66284e-05), (2, 0.99938816), (3, 0.00044617857), (4, 8.470415e-05)]","[(0, 7.5242447e-06), (1, 3.501603e-05), (2, 0.41579196), (3, 0.18895294), (4, 0.39521253)]","[(0, 2.803267e-06), (1, 1.3045734e-05), (2, 0.99707127), (3, 0.0028963157), (4, 1.6584656e-05)]","[(0, 7.939971e-06), (1, 3.6950703e-05), (2, 0.0034231634), (3, 0.996485), (4, 4.69769e-05)]","[(0, 7.644662e-06), (1, 0.9963074), (2, 0.0035581775), (3, 8.151679e-05), (4, 4.5229313e-05)]","[(0, 1.1610919e-05), (1, 5.4034434e-05), (2, 0.99974287), (3, 0.0001227543), (4, 6.869321e-05)]","[(0, 1.8708744e-05), (1, 8.771118e-05), (2, 0.1706454), (3, 0.033147953), (4, 0.7961002)]","[(0, 3.0989115e-06), (1, 1.4421575e-05), (2, 0.99537736), (3, 0.0045867553), (4, 1.8334396e-05)]"
"[(0, 8.444934e-05), (1, 4.3766413e-05), (2, 2.461291e-05), (3, 0.9998237), (4, 2.3551034e-05)]","[(0, 2.3402032e-05), (1, 1.2128254e-05), (2, 0.9999201), (3, 3.7869442e-05), (4, 6.526304e-06)]","[(0, 0.06589221), (1, 0.00010524405), (2, 5.9186077e-05), (3, 0.8744764), (4, 0.059466954)]","[(0, 0.9998534), (1, 2.8064844e-05), (2, 1.578282e-05), (3, 8.762991e-05), (4, 1.5101902e-05)]","[(0, 7.713153e-05), (1, 3.997391e-05), (2, 2.248012e-05), (3, 0.99983895), (4, 2.1510261e-05)]","[(0, 1.7691293e-05), (1, 9.168626e-06), (2, 5.1561583e-06), (3, 0.99996305), (4, 4.9337064e-06)]","[(0, 0.9991476), (1, 0.00013480413), (2, 7.580977e-05), (3, 0.0005692742), (4, 7.253911e-05)]","[(0, 4.366215e-05), (1, 2.2628188e-05), (2, 1.272541e-05), (3, 0.9999088), (4, 1.2176397e-05)]","[(0, 0.69001144), (1, 4.4811666e-05), (2, 2.5200728e-05), (3, 0.30989444), (4, 2.4113493e-05)]","[(0, 0.0001207023), (1, 6.255474e-05), (2, 3.51789e-05), (3, 0.9997479), (4, 3.3661174e-05)]","[(0, 0.00011031444), (1, 5.7171164e-05), (2, 3.2151336e-05), (3, 0.99976957), (4, 3.0764233e-05)]","[(0, 0.0001130921), (1, 0.62697583), (2, 3.2960892e-05), (3, 0.37284657), (4, 3.153886e-05)]","[(0, 0.9998067), (1, 3.700207e-05), (2, 2.0808848e-05), (3, 0.00011553536), (4, 1.9911091e-05)]","[(0, 7.2746494e-05), (1, 3.770134e-05), (2, 2.1202093e-05), (3, 0.00011771896), (4, 0.9997507)]","[(0, 0.9996701), (1, 6.316711e-05), (2, 3.552327e-05), (3, 0.00019723728), (4, 3.399069e-05)]","[(0, 7.308665e-05), (1, 3.7877628e-05), (2, 2.1301234e-05), (3, 0.9998474), (4, 2.0382235e-05)]","[(0, 1.1009491e-05), (1, 0.99996495), (2, 3.2087353e-06), (3, 1.7815628e-05), (4, 3.0703009e-06)]","[(0, 5.1794334e-05), (1, 2.6842745e-05), (2, 1.5095549e-05), (3, 8.38149e-05), (4, 0.99982244)]","[(0, 2.7682516e-05), (1, 0.68463), (2, 8.0681175e-06), (3, 0.31532654), (4, 7.720035e-06)]","[(0, 0.927186), (1, 6.691376e-05), (2, 3.7630278e-05), (3, 0.07267348), (4, 3.6006793e-05)]"
